application_id,candidate_id,job_id,source_id,recruiter_id,application_date,current_stage,application_status,candidate_location,expected_ctc_lpa,notice_period_days,is_diverse_candidate,last_updated
APP00001,CAND0206,JOB017,SRC006,REC003,2026-05-17,Interview 2,In Process,Kolkata,11.7,45,Yes,2026-06-08
APP00002,CAND0070,JOB010,SRC001,REC005,2026-02-26,Offer,Rejected,Noida,15.5,45,No,2026-04-04
APP00003,CAND0400,JOB002,SRC006,REC006,2026-04-22,Screened,Rejected,Noida,13.1,15,Yes,2026-06-01
APP00004,CAND0325,JOB013,SRC001,REC005,2026-05-15,Hired,Hired,Chennai,11.0,90,Yes,2026-05-31
APP00005,CAND0247,JOB018,SRC004,REC008,2026-04-12,Interview 1,Rejected,Kolkata,7.4,45,No,2026-04-18
APP00006,CAND0098,JOB011,SRC006,REC001,2026-03-20,Interview 2,Rejected,Bangalore,12.7,15,No,2026-04-19
APP00007,CAND0379,JOB018,SRC004,REC004,2026-05-20,Interview 1,Rejected,Jaipur,6.0,90,Yes,2026-07-05
APP00008,CAND0035,JOB013,SRC005,REC006,2026-01-28,Screened,Rejected,Chennai,9.3,45,No,2026-03-16
APP00009,CAND0463,JOB011,SRC008,REC002,2026-02-17,Interview 1,Rejected,Gurugram,4.6,90,No,2026-03-24
APP00010,CAND0121,JOB017,SRC005,REC001,2026-06-10,Offer,Rejected,Jaipur,17.2,15,No,2026-06-29
APP00011,CAND0104,JOB005,SRC005,REC003,2026-04-21,Hired,Hired,Chennai,17.1,30,Yes,2026-05-03
APP00012,CAND0014,JOB012,SRC002,REC008,2026-02-04,Shortlisted,Rejected,Bangalore,15.9,60,No,2026-03-09
APP00013,CAND0084,JOB007,SRC004,REC001,2026-04-15,Offer,In Process,Indore,7.1,15,No,2026-05-29
APP00014,CAND0022,JOB008,SRC009,REC007,2026-01-11,Applied,Rejected,Bangalore,8.1,0,Yes,2026-02-07
APP00015,CAND0453,JOB010,SRC005,REC008,2026-02-12,Hired,Hired,Delhi,11.2,15,Yes,2026-02-23
APP00016,CAND0465,JOB006,SRC002,REC002,2026-01-30,Hired,Hired,Kolkata,13.9,30,Yes,2026-03-19
APP00017,CAND0130,JOB001,SRC008,REC008,2026-05-08,Screened,Rejected,Mumbai,12.2,15,Yes,2026-06-09
APP00018,CAND0210,JOB015,SRC002,REC001,2026-03-04,Interview 2,Rejected,Indore,6.9,60,Yes,2026-03-17
APP00019,CAND0294,JOB018,SRC003,REC008,2026-05-29,Shortlisted,Rejected,Mumbai,16.6,90,Yes,2026-06-04
APP00020,CAND0150,JOB016,SRC003,REC002,2026-03-12,Hired,Hired,Indore,6.9,60,No,2026-03-17
APP00021,CAND0239,JOB004,SRC004,REC007,2026-04-16,Screened,Rejected,Hyderabad,13.0,45,Yes,2026-06-01
APP00022,CAND0131,JOB003,SRC005,REC005,2026-05-10,Hired,Hired,Noida,8.7,60,Yes,2026-06-06
APP00023,CAND0296,JOB011,SRC006,REC002,2026-02-08,Interview 1,Rejected,Indore,15.8,90,Yes,2026-03-18
APP00024,CAND0191,JOB015,SRC005,REC004,2026-05-15,Interview 2,Rejected,Delhi,16.8,0,Yes,2026-06-14
APP00025,CAND0352,JOB003,SRC006,REC008,2026-01-12,Applied,Rejected,Noida,14.6,0,No,2026-02-23
APP00026,CAND0457,JOB007,SRC006,REC004,2026-02-19,Interview 1,Rejected,Noida,7.8,90,Yes,2026-03-03
APP00027,CAND0073,JOB010,SRC010,REC004,2026-02-13,Interview 1,Withdrawn,Noida,4.7,90,No,2026-02-16
APP00028,CAND0316,JOB012,SRC005,REC006,2026-02-20,Offer,Rejected,Gurugram,14.6,90,No,2026-03-23
APP00029,CAND0394,JOB012,SRC010,REC003,2026-05-11,Shortlisted,Rejected,Indore,13.1,45,No,2026-06-01
APP00030,CAND0303,JOB014,SRC004,REC004,2026-05-21,Hired,Hired,Bangalore,6.9,30,No,2026-07-06
APP00031,CAND0306,JOB013,SRC006,REC008,2026-06-15,Interview 2,Rejected,Delhi,16.6,15,No,2026-07-27
APP00032,CAND0262,JOB013,SRC003,REC005,2026-01-16,Hired,Hired,Indore,13.8,30,No,2026-02-09
APP00033,CAND0148,JOB005,SRC003,REC001,2026-01-19,Interview 1,Rejected,Hyderabad,17.6,0,Yes,2026-01-29
APP00034,CAND0420,JOB015,SRC007,REC006,2026-02-27,Interview 2,Rejected,Ahmedabad,7.3,15,Yes,2026-04-02
APP00035,CAND0126,JOB016,SRC002,REC005,2026-06-06,Shortlisted,Rejected,Hyderabad,11.2,90,No,2026-07-08
APP00036,CAND0181,JOB010,SRC005,REC003,2026-01-10,Interview 2,In Process,Noida,4.9,15,Yes,2026-02-11
APP00037,CAND0466,JOB005,SRC008,REC006,2026-02-14,Interview 2,Rejected,Gurugram,16.1,15,No,2026-03-09
APP00038,CAND0238,JOB013,SRC008,REC005,2026-05-02,Shortlisted,Rejected,Pune,13.9,45,No,2026-06-03
APP00039,CAND0272,JOB014,SRC001,REC005,2026-04-25,Offer,Rejected,Gurugram,5.4,90,Yes,2026-05-31
APP00040,CAND0113,JOB010,SRC005,REC004,2026-01-09,Interview 1,Rejected,Hyderabad,15.7,0,Yes,2026-02-18
APP00041,CAND0328,JOB015,SRC005,REC007,2026-03-24,Shortlisted,In Process,Jaipur,9.4,90,Yes,2026-04-16
APP00042,CAND0490,JOB009,SRC003,REC008,2026-01-18,Screened,Rejected,Pune,10.9,60,No,2026-01-29
APP00043,CAND0112,JOB004,SRC008,REC005,2026-01-27,Interview 2,Rejected,Pune,4.3,45,No,2026-03-01
APP00044,CAND0063,JOB018,SRC006,REC006,2026-03-19,Screened,Rejected,Gurugram,11.5,90,Yes,2026-04-11
APP00045,CAND0431,JOB015,SRC005,REC004,2026-02-15,Shortlisted,Rejected,Delhi,9.5,60,Yes,2026-02-23
APP00046,CAND0044,JOB015,SRC004,REC003,2026-01-10,Shortlisted,Rejected,Noida,4.9,45,Yes,2026-02-15
APP00047,CAND0274,JOB015,SRC001,REC001,2026-03-28,Hired,Hired,Bangalore,5.7,45,Yes,2026-05-10
APP00048,CAND0055,JOB004,SRC008,REC004,2026-01-17,Offer,Rejected,Jaipur,13.5,60,Yes,2026-02-08
APP00049,CAND0004,JOB006,SRC002,REC005,2026-04-17,Screened,Rejected,Mumbai,6.0,15,Yes,2026-05-06
APP00050,CAND0211,JOB008,SRC003,REC001,2026-06-02,Interview 1,Rejected,Indore,15.0,45,Yes,2026-06-26
APP00051,CAND0395,JOB007,SRC005,REC001,2026-02-19,Interview 2,Rejected,Bangalore,11.0,90,Yes,2026-03-03
APP00052,CAND0304,JOB011,SRC007,REC004,2026-03-25,Interview 1,In Process,Kolkata,14.3,90,No,2026-04-08
APP00053,CAND0199,JOB012,SRC003,REC008,2026-02-19,Hired,Hired,Ahmedabad,5.8,0,No,2026-04-06
APP00054,CAND0143,JOB001,SRC007,REC004,2026-03-05,Interview 1,Rejected,Pune,6.1,90,Yes,2026-04-12
APP00055,CAND0232,JOB016,SRC004,REC002,2026-05-23,Screened,Rejected,Mumbai,9.0,0,No,2026-06-09
APP00056,CAND0009,JOB016,SRC005,REC003,2026-04-28,Hired,Hired,Pune,10.4,0,No,2026-05-08
APP00057,CAND0187,JOB002,SRC002,REC007,2026-04-04,Shortlisted,In Process,Ahmedabad,11.9,30,Yes,2026-04-19
APP00058,CAND0123,JOB018,SRC002,REC008,2026-05-29,Interview 1,Rejected,Gurugram,8.5,45,Yes,2026-06-17
APP00059,CAND0348,JOB018,SRC005,REC008,2026-06-08,Offer,Rejected,Ahmedabad,16.4,45,Yes,2026-06-22
APP00060,CAND0097,JOB003,SRC001,REC004,2026-05-14,Shortlisted,Withdrawn,Pune,10.8,15,No,2026-06-27
APP00061,CAND0156,JOB005,SRC005,REC003,2026-03-08,Applied,Withdrawn,Ahmedabad,6.1,60,Yes,2026-03-28
APP00062,CAND0234,JOB006,SRC010,REC003,2026-05-18,Interview 1,Rejected,Jaipur,13.3,15,Yes,2026-05-29
APP00063,CAND0363,JOB002,SRC006,REC006,2026-02-07,Hired,Hired,Kolkata,8.2,45,Yes,2026-02-10
APP00064,CAND0072,JOB018,SRC002,REC005,2026-01-07,Screened,Rejected,Indore,4.8,15,Yes,2026-02-19
APP00065,CAND0299,JOB017,SRC004,REC005,2026-02-20,Interview 1,Rejected,Kolkata,5.2,45,Yes,2026-03-26
APP00066,CAND0190,JOB013,SRC006,REC001,2026-03-14,Interview 2,Withdrawn,Jaipur,5.2,60,Yes,2026-05-01
APP00067,CAND0328,JOB009,SRC007,REC003,2026-05-23,Screened,Rejected,Jaipur,15.7,90,Yes,2026-06-12
APP00068,CAND0022,JOB010,SRC010,REC005,2026-05-07,Hired,Hired,Bangalore,4.0,0,Yes,2026-05-25
APP00069,CAND0263,JOB001,SRC005,REC003,2026-05-29,Screened,Rejected,Gurugram,6.3,90,No,2026-06-17
APP00070,CAND0215,JOB012,SRC001,REC005,2026-03-16,Interview 1,Rejected,Indore,6.6,30,Yes,2026-03-24
APP00071,CAND0422,JOB005,SRC001,REC003,2026-05-13,Screened,Withdrawn,Kolkata,5.4,15,Yes,2026-05-24
APP00072,CAND0426,JOB007,SRC009,REC002,2026-04-17,Interview 2,Rejected,Jaipur,10.7,15,Yes,2026-05-08
APP00073,CAND0040,JOB001,SRC008,REC007,2026-01-11,Interview 1,Rejected,Bangalore,10.6,60,No,2026-01-29
APP00074,CAND0344,JOB012,SRC001,REC002,2026-02-07,Shortlisted,Rejected,Pune,6.2,90,No,2026-03-13
APP00075,CAND0051,JOB001,SRC009,REC004,2026-02-19,Applied,Rejected,Mumbai,14.2,15,No,2026-03-06
APP00076,CAND0472,JOB017,SRC008,REC006,2026-05-31,Hired,Hired,Ahmedabad,15.7,60,No,2026-06-26
APP00077,CAND0377,JOB010,SRC008,REC004,2026-05-22,Applied,Withdrawn,Bangalore,16.5,15,No,2026-06-23
APP00078,CAND0481,JOB012,SRC003,REC001,2026-05-06,Applied,Withdrawn,Jaipur,5.7,0,Yes,2026-06-02
APP00079,CAND0206,JOB004,SRC003,REC002,2026-04-04,Offer,Rejected,Kolkata,5.7,45,Yes,2026-05-03
APP00080,CAND0498,JOB006,SRC007,REC006,2026-02-09,Interview 1,Rejected,Noida,11.3,60,Yes,2026-03-14
APP00081,CAND0221,JOB004,SRC007,REC008,2026-03-22,Hired,Hired,Delhi,6.5,0,Yes,2026-05-05
APP00082,CAND0303,JOB002,SRC003,REC006,2026-03-31,Interview 1,Rejected,Bangalore,9.3,30,No,2026-04-29
APP00083,CAND0467,JOB003,SRC005,REC002,2026-03-28,Hired,Hired,Ahmedabad,13.2,30,No,2026-04-26
APP00084,CAND0224,JOB007,SRC008,REC002,2026-05-18,Offer,In Process,Gurugram,15.3,30,No,2026-06-28
APP00085,CAND0442,JOB006,SRC010,REC008,2026-02-24,Shortlisted,Rejected,Delhi,12.9,30,Yes,2026-04-06
APP00086,CAND0268,JOB007,SRC006,REC008,2026-02-07,Interview 2,Rejected,Jaipur,9.7,90,Yes,2026-02-13
APP00087,CAND0104,JOB006,SRC005,REC003,2026-01-08,Screened,Rejected,Chennai,15.9,30,Yes,2026-02-25
APP00088,CAND0401,JOB001,SRC001,REC002,2026-03-22,Shortlisted,Rejected,Pune,9.1,0,No,2026-05-05
APP00089,CAND0483,JOB005,SRC004,REC002,2026-05-27,Interview 2,Rejected,Indore,17.3,60,Yes,2026-07-01
APP00090,CAND0029,JOB016,SRC009,REC006,2026-01-29,Offer,Rejected,Chennai,16.3,60,Yes,2026-02-09
APP00091,CAND0480,JOB008,SRC005,REC004,2026-02-11,Interview 1,Rejected,Indore,9.7,30,Yes,2026-02-15
APP00092,CAND0181,JOB014,SRC010,REC006,2026-04-27,Screened,Rejected,Noida,10.2,15,Yes,2026-06-09
APP00093,CAND0002,JOB013,SRC004,REC005,2026-03-22,Interview 1,In Process,Chennai,15.9,60,No,2026-05-06
APP00094,CAND0102,JOB003,SRC007,REC006,2026-02-16,Interview 1,Rejected,Kolkata,4.3,45,Yes,2026-02-19
APP00095,CAND0077,JOB003,SRC006,REC003,2026-05-26,Interview 1,Withdrawn,Hyderabad,15.6,15,No,2026-06-28
APP00096,CAND0308,JOB007,SRC005,REC004,2026-04-18,Hired,Hired,Ahmedabad,17.7,45,Yes,2026-05-05
APP00097,CAND0466,JOB012,SRC010,REC001,2026-01-02,Interview 1,Withdrawn,Gurugram,13.4,15,No,2026-01-12
APP00098,CAND0222,JOB005,SRC005,REC002,2026-03-22,Interview 2,Rejected,Kolkata,14.5,0,No,2026-04-20
APP00099,CAND0224,JOB004,SRC008,REC001,2026-04-24,Shortlisted,Rejected,Gurugram,15.8,30,No,2026-05-05
APP00100,CAND0048,JOB007,SRC005,REC003,2026-02-13,Interview 1,Rejected,Noida,7.0,45,Yes,2026-02-15
APP00101,CAND0303,JOB004,SRC006,REC003,2026-01-08,Shortlisted,Rejected,Bangalore,17.4,30,No,2026-02-17
APP00102,CAND0497,JOB002,SRC010,REC008,2026-03-25,Interview 2,Rejected,Gurugram,5.8,30,Yes,2026-03-30
APP00103,CAND0252,JOB014,SRC005,REC003,2026-04-02,Shortlisted,Rejected,Chennai,16.4,45,No,2026-05-04
APP00104,CAND0047,JOB014,SRC006,REC003,2026-04-22,Offer,Rejected,Bangalore,13.5,30,No,2026-06-04
APP00105,CAND0417,JOB009,SRC006,REC005,2026-05-30,Hired,Hired,Hyderabad,13.3,30,No,2026-06-12
APP00106,CAND0088,JOB016,SRC008,REC007,2026-06-18,Interview 1,Rejected,Ahmedabad,17.6,45,Yes,2026-07-13
APP00107,CAND0247,JOB005,SRC004,REC007,2026-06-10,Hired,Hired,Kolkata,14.8,45,No,2026-06-21
APP00108,CAND0375,JOB018,SRC005,REC001,2026-05-05,Offer,Rejected,Ahmedabad,16.7,90,Yes,2026-06-07
APP00109,CAND0174,JOB015,SRC003,REC005,2026-04-10,Interview 1,Rejected,Kolkata,15.1,15,No,2026-04-22
APP00110,CAND0483,JOB016,SRC005,REC004,2026-02-23,Shortlisted,Withdrawn,Indore,9.0,60,Yes,2026-03-07
APP00111,CAND0414,JOB003,SRC006,REC007,2026-01-30,Hired,Hired,Gurugram,7.6,15,Yes,2026-02-22
APP00112,CAND0256,JOB004,SRC003,REC006,2026-03-27,Hired,Hired,Gurugram,17.6,45,Yes,2026-03-29
APP00113,CAND0368,JOB017,SRC002,REC002,2026-03-28,Hired,Hired,Jaipur,4.9,0,Yes,2026-05-17
APP00114,CAND0452,JOB010,SRC002,REC001,2026-05-18,Screened,Rejected,Ahmedabad,17.9,45,Yes,2026-06-07
APP00115,CAND0048,JOB017,SRC009,REC005,2026-05-14,Hired,Hired,Noida,16.5,45,Yes,2026-06-19
APP00116,CAND0298,JOB018,SRC010,REC004,2026-03-31,Interview 1,Rejected,Pune,6.0,30,Yes,2026-04-26
APP00117,CAND0048,JOB002,SRC007,REC003,2026-05-02,Shortlisted,Rejected,Noida,11.8,45,Yes,2026-05-29
APP00118,CAND0326,JOB014,SRC008,REC008,2026-04-17,Hired,Hired,Ahmedabad,14.0,60,No,2026-04-27
APP00119,CAND0015,JOB005,SRC003,REC007,2026-01-13,Hired,Hired,Gurugram,6.6,30,Yes,2026-03-03
APP00120,CAND0046,JOB014,SRC007,REC004,2026-04-12,Shortlisted,Rejected,Hyderabad,7.9,45,No,2026-04-19
APP00121,CAND0293,JOB010,SRC009,REC002,2026-06-14,Interview 1,Rejected,Kolkata,4.7,30,Yes,2026-07-22
APP00122,CAND0228,JOB003,SRC009,REC006,2026-04-13,Shortlisted,Rejected,Bangalore,6.5,15,No,2026-04-16
APP00123,CAND0132,JOB003,SRC002,REC002,2026-05-19,Shortlisted,In Process,Delhi,6.2,0,No,2026-06-16
APP00124,CAND0315,JOB011,SRC003,REC001,2026-01-15,Hired,Hired,Bangalore,16.5,0,No,2026-02-02
APP00125,CAND0454,JOB001,SRC005,REC002,2026-03-05,Hired,Hired,Mumbai,12.0,0,Yes,2026-04-04
APP00126,CAND0300,JOB017,SRC005,REC001,2026-02-11,Offer,In Process,Pune,13.8,90,No,2026-02-21
APP00127,CAND0345,JOB006,SRC007,REC008,2026-04-11,Applied,Rejected,Noida,4.4,90,No,2026-05-25
APP00128,CAND0228,JOB004,SRC006,REC007,2026-06-03,Interview 1,Rejected,Bangalore,4.1,15,No,2026-07-04
APP00129,CAND0418,JOB010,SRC004,REC004,2026-05-07,Interview 1,Rejected,Gurugram,12.5,90,No,2026-05-09
APP00130,CAND0290,JOB006,SRC002,REC003,2026-01-17,Interview 2,Rejected,Chennai,14.2,15,Yes,2026-02-05
APP00131,CAND0025,JOB009,SRC007,REC008,2026-03-22,Hired,Hired,Pune,12.0,45,Yes,2026-03-25
APP00132,CAND0028,JOB011,SRC009,REC004,2026-01-19,Interview 1,Rejected,Gurugram,12.1,45,Yes,2026-01-26
APP00133,CAND0321,JOB014,SRC002,REC002,2026-01-15,Applied,Withdrawn,Pune,12.6,45,Yes,2026-02-12
APP00134,CAND0120,JOB001,SRC008,REC007,2026-04-29,Shortlisted,Rejected,Gurugram,17.1,15,Yes,2026-05-02
APP00135,CAND0301,JOB007,SRC002,REC002,2026-01-04,Screened,Rejected,Delhi,12.0,90,No,2026-02-15
APP00136,CAND0182,JOB014,SRC008,REC008,2026-02-17,Hired,Hired,Pune,8.4,30,Yes,2026-03-18
APP00137,CAND0244,JOB015,SRC010,REC006,2026-05-29,Interview 2,In Process,Jaipur,6.3,60,No,2026-06-29
APP00138,CAND0059,JOB005,SRC005,REC008,2026-02-19,Applied,Withdrawn,Pune,6.8,0,Yes,2026-03-11
APP00139,CAND0090,JOB008,SRC005,REC003,2026-03-28,Hired,Hired,Bangalore,6.5,90,Yes,2026-04-15
APP00140,CAND0192,JOB011,SRC010,REC007,2026-06-12,Screened,Rejected,Ahmedabad,11.5,45,Yes,2026-06-23
APP00141,CAND0127,JOB002,SRC005,REC003,2026-05-11,Hired,Hired,Noida,5.1,30,Yes,2026-06-12
APP00142,CAND0442,JOB008,SRC007,REC004,2026-03-20,Hired,Hired,Delhi,15.8,30,Yes,2026-04-07
APP00143,CAND0136,JOB003,SRC006,REC002,2026-03-17,Interview 2,Rejected,Delhi,17.0,15,No,2026-03-25
APP00144,CAND0401,JOB013,SRC007,REC001,2026-05-01,Interview 2,Rejected,Pune,7.2,0,No,2026-06-18
APP00145,CAND0256,JOB012,SRC006,REC004,2026-04-18,Interview 1,Rejected,Gurugram,8.2,45,Yes,2026-05-27
APP00146,CAND0196,JOB007,SRC007,REC002,2026-05-17,Offer,In Process,Delhi,12.9,90,Yes,2026-06-07
APP00147,CAND0081,JOB004,SRC003,REC007,2026-05-03,Screened,Rejected,Ahmedabad,16.2,45,No,2026-05-24
APP00148,CAND0419,JOB016,SRC003,REC005,2026-05-31,Screened,Withdrawn,Noida,4.1,0,Yes,2026-06-11
APP00149,CAND0033,JOB013,SRC010,REC004,2026-05-15,Shortlisted,Rejected,Delhi,4.5,0,Yes,2026-05-22
APP00150,CAND0178,JOB010,SRC007,REC003,2026-04-17,Shortlisted,Rejected,Mumbai,16.8,15,No,2026-04-30
APP00151,CAND0358,JOB002,SRC004,REC003,2026-03-12,Applied,Rejected,Delhi,14.2,90,No,2026-03-27
APP00152,CAND0466,JOB016,SRC007,REC002,2026-04-05,Shortlisted,Rejected,Gurugram,10.3,15,No,2026-04-23
APP00153,CAND0237,JOB001,SRC002,REC008,2026-04-08,Hired,Hired,Pune,4.5,45,Yes,2026-04-26
APP00154,CAND0087,JOB003,SRC001,REC005,2026-02-09,Interview 2,Rejected,Pune,11.5,0,No,2026-03-11
APP00155,CAND0113,JOB004,SRC003,REC003,2026-01-12,Interview 1,In Process,Hyderabad,12.7,0,Yes,2026-02-17
APP00156,CAND0007,JOB013,SRC004,REC008,2026-02-26,Shortlisted,Rejected,Bangalore,4.9,90,No,2026-03-13
APP00157,CAND0393,JOB016,SRC002,REC003,2026-03-06,Interview 1,Rejected,Noida,13.5,90,No,2026-04-21
APP00158,CAND0467,JOB015,SRC007,REC004,2026-05-09,Hired,Hired,Ahmedabad,12.6,30,No,2026-05-18
APP00159,CAND0403,JOB002,SRC009,REC007,2026-06-15,Hired,Hired,Noida,14.3,45,No,2026-07-08
APP00160,CAND0426,JOB007,SRC004,REC002,2026-04-20,Screened,Rejected,Jaipur,6.5,15,Yes,2026-05-07
APP00161,CAND0147,JOB015,SRC004,REC005,2026-05-04,Screened,Rejected,Pune,10.2,45,Yes,2026-06-07
APP00162,CAND0390,JOB005,SRC008,REC001,2026-04-08,Shortlisted,Rejected,Noida,11.5,60,Yes,2026-05-15
APP00163,CAND0195,JOB015,SRC005,REC008,2026-03-14,Hired,Hired,Pune,5.9,90,Yes,2026-04-15
APP00164,CAND0224,JOB009,SRC006,REC008,2026-06-12,Interview 2,Rejected,Gurugram,14.3,30,No,2026-06-29
APP00165,CAND0499,JOB003,SRC009,REC004,2026-04-19,Shortlisted,Rejected,Chennai,11.5,60,Yes,2026-05-15
APP00166,CAND0386,JOB003,SRC002,REC006,2026-02-06,Interview 1,Rejected,Kolkata,4.1,90,No,2026-02-18
APP00167,CAND0088,JOB006,SRC006,REC003,2026-02-04,Shortlisted,Rejected,Ahmedabad,15.4,45,Yes,2026-02-17
APP00168,CAND0384,JOB006,SRC004,REC005,2026-04-15,Interview 1,In Process,Chennai,5.1,0,No,2026-04-22
APP00169,CAND0137,JOB001,SRC010,REC001,2026-01-25,Interview 2,Withdrawn,Bangalore,17.8,30,No,2026-03-16
APP00170,CAND0372,JOB005,SRC001,REC002,2026-05-16,Shortlisted,Rejected,Hyderabad,12.7,45,No,2026-06-29
APP00171,CAND0339,JOB007,SRC001,REC006,2026-01-05,Interview 1,Rejected,Pune,13.5,60,Yes,2026-01-21
APP00172,CAND0100,JOB005,SRC009,REC001,2026-02-02,Offer,Rejected,Indore,17.8,90,Yes,2026-03-05
APP00173,CAND0252,JOB003,SRC006,REC004,2026-05-28,Shortlisted,Rejected,Chennai,14.0,45,No,2026-07-16
APP00174,CAND0414,JOB008,SRC004,REC005,2026-01-30,Interview 2,Withdrawn,Gurugram,17.1,15,Yes,2026-03-20
APP00175,CAND0203,JOB001,SRC009,REC008,2026-03-22,Shortlisted,Rejected,Ahmedabad,10.4,60,Yes,2026-05-01
APP00176,CAND0383,JOB002,SRC010,REC006,2026-03-21,Offer,In Process,Bangalore,12.8,0,No,2026-04-05
APP00177,CAND0201,JOB003,SRC009,REC005,2026-03-14,Shortlisted,Rejected,Gurugram,5.8,0,No,2026-05-03
APP00178,CAND0235,JOB006,SRC010,REC003,2026-04-24,Hired,Hired,Chennai,7.1,45,Yes,2026-06-12
APP00179,CAND0018,JOB004,SRC004,REC007,2026-05-06,Offer,In Process,Ahmedabad,14.9,45,No,2026-06-19
APP00180,CAND0360,JOB014,SRC005,REC003,2026-01-26,Interview 1,Rejected,Mumbai,9.7,45,Yes,2026-03-13
APP00181,CAND0003,JOB018,SRC008,REC006,2026-02-01,Screened,Rejected,Jaipur,7.6,0,Yes,2026-03-23
APP00182,CAND0044,JOB004,SRC009,REC005,2026-04-04,Interview 1,Rejected,Noida,7.5,45,Yes,2026-04-08
APP00183,CAND0353,JOB004,SRC001,REC004,2026-01-10,Offer,Rejected,Delhi,12.4,15,Yes,2026-01-25
APP00184,CAND0289,JOB017,SRC010,REC003,2026-04-18,Shortlisted,Rejected,Kolkata,17.5,0,Yes,2026-05-05
APP00185,CAND0064,JOB018,SRC002,REC007,2026-01-17,Interview 2,Rejected,Noida,6.0,90,No,2026-02-02
APP00186,CAND0163,JOB013,SRC003,REC006,2026-05-17,Interview 1,In Process,Kolkata,7.6,0,Yes,2026-07-01
APP00187,CAND0215,JOB015,SRC003,REC008,2026-04-01,Hired,Hired,Indore,10.0,30,Yes,2026-05-18
APP00188,CAND0347,JOB018,SRC002,REC007,2026-01-04,Interview 1,Rejected,Ahmedabad,13.8,0,Yes,2026-02-22
APP00189,CAND0430,JOB005,SRC009,REC006,2026-01-14,Shortlisted,In Process,Chennai,8.7,0,Yes,2026-02-28
APP00190,CAND0149,JOB010,SRC008,REC005,2026-03-09,Screened,Rejected,Pune,8.3,30,No,2026-04-21
APP00191,CAND0479,JOB015,SRC010,REC008,2026-01-15,Shortlisted,Withdrawn,Jaipur,5.5,15,No,2026-02-08
APP00192,CAND0182,JOB001,SRC002,REC007,2026-05-06,Shortlisted,Rejected,Pune,16.8,30,Yes,2026-05-08
APP00193,CAND0116,JOB016,SRC007,REC006,2026-03-18,Shortlisted,Rejected,Bangalore,17.9,60,No,2026-05-01
APP00194,CAND0072,JOB012,SRC007,REC001,2026-04-02,Hired,Hired,Indore,8.0,15,Yes,2026-04-12
APP00195,CAND0080,JOB012,SRC009,REC001,2026-03-02,Interview 1,Rejected,Delhi,4.1,15,No,2026-04-03
APP00196,CAND0144,JOB004,SRC005,REC004,2026-04-20,Interview 1,Rejected,Delhi,11.0,90,No,2026-05-03
APP00197,CAND0103,JOB003,SRC001,REC007,2026-04-15,Screened,Rejected,Ahmedabad,10.0,15,No,2026-04-20
APP00198,CAND0330,JOB002,SRC005,REC002,2026-03-10,Screened,Rejected,Pune,16.5,60,Yes,2026-03-23
APP00199,CAND0001,JOB002,SRC006,REC004,2026-03-15,Hired,Hired,Mumbai,6.6,90,Yes,2026-04-17
APP00200,CAND0323,JOB004,SRC001,REC004,2026-02-19,Hired,Hired,Jaipur,11.7,0,No,2026-03-14
APP00201,CAND0067,JOB010,SRC001,REC001,2026-02-18,Interview 2,Rejected,Jaipur,17.6,90,No,2026-03-02
APP00202,CAND0088,JOB008,SRC001,REC004,2026-03-16,Interview 2,Rejected,Ahmedabad,7.8,45,Yes,2026-03-21
APP00203,CAND0091,JOB009,SRC001,REC002,2026-04-08,Interview 1,Rejected,Ahmedabad,6.9,45,No,2026-05-08
APP00204,CAND0462,JOB016,SRC002,REC008,2026-02-16,Hired,Hired,Ahmedabad,12.0,30,Yes,2026-04-05
APP00205,CAND0011,JOB004,SRC001,REC001,2026-02-03,Hired,Hired,Noida,12.8,90,Yes,2026-02-05
APP00206,CAND0053,JOB017,SRC007,REC003,2026-01-01,Screened,Withdrawn,Pune,8.9,90,Yes,2026-01-21
APP00207,CAND0472,JOB013,SRC002,REC008,2026-02-13,Shortlisted,Rejected,Ahmedabad,5.1,60,No,2026-03-08
APP00208,CAND0473,JOB003,SRC001,REC003,2026-02-15,Hired,Hired,Kolkata,10.0,30,Yes,2026-03-31
APP00209,CAND0143,JOB005,SRC002,REC006,2026-02-02,Offer,In Process,Pune,10.7,90,Yes,2026-03-02
APP00210,CAND0286,JOB016,SRC003,REC002,2026-01-16,Interview 2,Rejected,Bangalore,6.0,30,No,2026-02-16
APP00211,CAND0016,JOB005,SRC006,REC003,2026-01-21,Shortlisted,Rejected,Bangalore,14.7,90,No,2026-02-22
APP00212,CAND0241,JOB014,SRC006,REC008,2026-06-15,Hired,Hired,Kolkata,16.3,30,Yes,2026-06-19
APP00213,CAND0201,JOB006,SRC009,REC002,2026-04-30,Interview 1,Withdrawn,Gurugram,6.3,0,No,2026-05-25
APP00214,CAND0278,JOB004,SRC002,REC004,2026-06-02,Hired,Hired,Hyderabad,6.8,15,No,2026-06-06
APP00215,CAND0209,JOB017,SRC002,REC003,2026-01-07,Interview 2,Rejected,Ahmedabad,8.1,90,Yes,2026-01-18
APP00216,CAND0123,JOB007,SRC010,REC002,2026-02-09,Hired,Hired,Gurugram,4.2,45,Yes,2026-03-02
APP00217,CAND0064,JOB016,SRC001,REC006,2026-03-15,Screened,Rejected,Noida,9.1,90,No,2026-04-25
APP00218,CAND0192,JOB003,SRC007,REC008,2026-03-09,Hired,Hired,Ahmedabad,17.7,45,Yes,2026-03-14
APP00219,CAND0473,JOB013,SRC007,REC004,2026-04-13,Shortlisted,Rejected,Kolkata,13.8,30,Yes,2026-05-15
APP00220,CAND0233,JOB002,SRC009,REC003,2026-05-01,Offer,Rejected,Gurugram,14.8,30,Yes,2026-05-06
APP00221,CAND0459,JOB014,SRC006,REC005,2026-02-12,Interview 1,Rejected,Pune,15.0,45,Yes,2026-03-30
APP00222,CAND0341,JOB011,SRC001,REC003,2026-04-28,Offer,In Process,Noida,7.7,0,No,2026-06-15
APP00223,CAND0445,JOB004,SRC008,REC008,2026-04-16,Shortlisted,Rejected,Delhi,14.7,15,No,2026-04-25
APP00224,CAND0220,JOB012,SRC003,REC003,2026-05-19,Interview 1,Rejected,Delhi,12.9,0,Yes,2026-07-04
APP00225,CAND0325,JOB015,SRC009,REC001,2026-03-16,Interview 1,Rejected,Chennai,5.6,90,Yes,2026-04-17
APP00226,CAND0451,JOB009,SRC005,REC007,2026-03-03,Hired,Hired,Hyderabad,4.4,90,Yes,2026-03-28
APP00227,CAND0065,JOB017,SRC002,REC007,2026-06-10,Hired,Hired,Chennai,8.5,45,Yes,2026-06-17
APP00228,CAND0372,JOB013,SRC005,REC001,2026-03-12,Hired,Hired,Hyderabad,17.8,45,No,2026-03-20
APP00229,CAND0161,JOB015,SRC003,REC003,2026-03-18,Interview 1,Rejected,Noida,4.4,30,No,2026-04-10
APP00230,CAND0266,JOB017,SRC003,REC004,2026-04-04,Interview 1,In Process,Indore,5.2,15,No,2026-05-20
APP00231,CAND0224,JOB017,SRC007,REC004,2026-03-06,Shortlisted,Rejected,Gurugram,9.5,30,No,2026-04-14
APP00232,CAND0407,JOB007,SRC008,REC007,2026-04-25,Interview 1,Rejected,Jaipur,12.5,90,No,2026-05-24
APP00233,CAND0151,JOB017,SRC006,REC007,2026-01-08,Screened,Withdrawn,Ahmedabad,9.0,0,Yes,2026-01-14
APP00234,CAND0337,JOB012,SRC006,REC003,2026-03-22,Hired,Hired,Chennai,8.6,30,No,2026-04-22
APP00235,CAND0024,JOB009,SRC007,REC002,2026-02-01,Screened,Rejected,Delhi,4.3,60,Yes,2026-02-04
APP00236,CAND0467,JOB015,SRC005,REC003,2026-04-14,Shortlisted,Rejected,Ahmedabad,4.2,30,No,2026-05-16
APP00237,CAND0371,JOB010,SRC005,REC006,2026-03-30,Interview 2,Withdrawn,Delhi,4.7,60,Yes,2026-04-20
APP00238,CAND0479,JOB002,SRC005,REC001,2026-01-29,Interview 2,Withdrawn,Jaipur,15.1,15,No,2026-02-24
APP00239,CAND0116,JOB003,SRC005,REC005,2026-01-22,Interview 1,In Process,Bangalore,13.7,60,No,2026-01-28
APP00240,CAND0417,JOB017,SRC009,REC006,2026-03-21,Screened,Rejected,Hyderabad,5.8,30,No,2026-04-15
APP00241,CAND0500,JOB015,SRC010,REC004,2026-04-13,Hired,Hired,Hyderabad,8.3,15,No,2026-05-21
APP00242,CAND0261,JOB011,SRC001,REC008,2026-03-11,Interview 2,Rejected,Noida,6.7,90,No,2026-03-25
APP00243,CAND0452,JOB013,SRC007,REC007,2026-01-26,Shortlisted,Rejected,Ahmedabad,6.4,45,Yes,2026-02-10
APP00244,CAND0362,JOB010,SRC001,REC002,2026-02-17,Shortlisted,Rejected,Hyderabad,16.7,15,Yes,2026-03-06
APP00245,CAND0349,JOB003,SRC003,REC003,2026-03-27,Hired,Hired,Pune,10.6,60,Yes,2026-04-19
APP00246,CAND0156,JOB011,SRC008,REC008,2026-03-31,Shortlisted,Rejected,Ahmedabad,4.2,60,Yes,2026-04-24
APP00247,CAND0457,JOB017,SRC010,REC008,2026-01-29,Screened,Rejected,Noida,9.7,90,Yes,2026-02-14
APP00248,CAND0183,JOB016,SRC001,REC004,2026-05-28,Applied,Withdrawn,Gurugram,6.7,15,Yes,2026-06-23
APP00249,CAND0328,JOB004,SRC005,REC008,2026-05-15,Shortlisted,Withdrawn,Jaipur,9.5,90,Yes,2026-06-12
APP00250,CAND0098,JOB002,SRC010,REC006,2026-06-06,Interview 2,Rejected,Bangalore,8.9,15,No,2026-06-15
APP00251,CAND0028,JOB016,SRC005,REC001,2026-04-21,Hired,Hired,Gurugram,5.9,45,Yes,2026-05-11
APP00252,CAND0224,JOB011,SRC010,REC003,2026-02-21,Interview 2,In Process,Gurugram,5.2,30,No,2026-03-31
APP00253,CAND0387,JOB005,SRC010,REC005,2026-03-04,Interview 2,Rejected,Hyderabad,16.3,30,Yes,2026-03-09
APP00254,CAND0380,JOB017,SRC001,REC004,2026-05-13,Screened,Rejected,Bangalore,13.5,60,Yes,2026-05-24
APP00255,CAND0322,JOB010,SRC001,REC008,2026-06-09,Hired,Hired,Jaipur,12.5,45,Yes,2026-06-18
APP00256,CAND0073,JOB008,SRC003,REC004,2026-05-02,Hired,Hired,Noida,12.2,90,No,2026-05-27
APP00257,CAND0452,JOB015,SRC005,REC001,2026-02-10,Shortlisted,Rejected,Ahmedabad,13.9,45,Yes,2026-03-08
APP00258,CAND0336,JOB005,SRC006,REC006,2026-04-28,Hired,Hired,Hyderabad,14.7,60,No,2026-05-19
APP00259,CAND0119,JOB004,SRC002,REC008,2026-05-02,Interview 2,Rejected,Noida,15.1,30,Yes,2026-05-10
APP00260,CAND0101,JOB009,SRC008,REC008,2026-03-15,Shortlisted,Rejected,Chennai,15.1,30,Yes,2026-03-22
APP00261,CAND0105,JOB002,SRC003,REC001,2026-04-03,Shortlisted,Rejected,Gurugram,13.6,15,No,2026-05-21
APP00262,CAND0427,JOB007,SRC010,REC008,2026-05-09,Screened,Rejected,Delhi,4.9,90,Yes,2026-06-07
APP00263,CAND0448,JOB003,SRC010,REC002,2026-02-02,Hired,Hired,Chennai,7.2,60,No,2026-03-14
APP00264,CAND0216,JOB009,SRC004,REC006,2026-01-16,Interview 2,Rejected,Pune,13.3,30,No,2026-01-21
APP00265,CAND0116,JOB012,SRC007,REC008,2026-03-19,Shortlisted,In Process,Bangalore,4.4,60,No,2026-04-02
APP00266,CAND0283,JOB016,SRC001,REC007,2026-04-07,Screened,Withdrawn,Indore,5.6,30,No,2026-04-16
APP00267,CAND0181,JOB007,SRC006,REC007,2026-01-15,Hired,Hired,Noida,9.8,15,Yes,2026-03-06
APP00268,CAND0254,JOB012,SRC004,REC008,2026-03-19,Interview 1,In Process,Ahmedabad,11.4,60,Yes,2026-04-07
APP00269,CAND0157,JOB018,SRC004,REC002,2026-04-06,Hired,Hired,Indore,7.3,0,Yes,2026-05-06
APP00270,CAND0273,JOB002,SRC005,REC001,2026-05-19,Interview 1,Rejected,Ahmedabad,8.7,15,No,2026-06-06
APP00271,CAND0440,JOB018,SRC008,REC007,2026-05-27,Offer,In Process,Hyderabad,10.5,90,No,2026-06-13
APP00272,CAND0237,JOB001,SRC008,REC001,2026-04-30,Interview 1,Rejected,Pune,9.7,45,Yes,2026-06-08
APP00273,CAND0076,JOB002,SRC004,REC002,2026-06-17,Interview 1,Rejected,Jaipur,4.6,90,Yes,2026-08-03
APP00274,CAND0040,JOB017,SRC008,REC002,2026-05-11,Interview 2,Rejected,Bangalore,13.5,60,No,2026-05-17
APP00275,CAND0414,JOB011,SRC009,REC006,2026-02-25,Screened,Rejected,Gurugram,14.7,15,Yes,2026-04-09
APP00276,CAND0490,JOB003,SRC004,REC007,2026-05-18,Applied,Rejected,Pune,10.6,60,No,2026-06-22
APP00277,CAND0267,JOB015,SRC006,REC005,2026-02-19,Hired,Hired,Ahmedabad,7.4,90,Yes,2026-03-16
APP00278,CAND0065,JOB018,SRC004,REC007,2026-05-30,Shortlisted,Rejected,Chennai,5.7,45,Yes,2026-06-27
APP00279,CAND0295,JOB016,SRC004,REC003,2026-04-27,Interview 2,Withdrawn,Ahmedabad,14.0,60,No,2026-05-29
APP00280,CAND0316,JOB004,SRC001,REC002,2026-04-01,Interview 1,Rejected,Gurugram,10.1,90,No,2026-05-21
APP00281,CAND0195,JOB011,SRC008,REC003,2026-05-11,Screened,Rejected,Pune,10.9,90,Yes,2026-05-16
APP00282,CAND0147,JOB011,SRC007,REC006,2026-02-15,Interview 2,Rejected,Pune,14.2,45,Yes,2026-03-16
APP00283,CAND0283,JOB017,SRC003,REC001,2026-06-03,Screened,Withdrawn,Indore,4.1,30,No,2026-06-06
APP00284,CAND0105,JOB010,SRC010,REC007,2026-04-24,Shortlisted,In Process,Gurugram,14.0,15,No,2026-05-03
APP00285,CAND0253,JOB009,SRC002,REC003,2026-03-13,Shortlisted,In Process,Indore,14.4,30,No,2026-03-29
APP00286,CAND0081,JOB017,SRC006,REC005,2026-04-27,Interview 1,Rejected,Ahmedabad,8.4,45,No,2026-05-01
APP00287,CAND0193,JOB008,SRC004,REC005,2026-05-01,Shortlisted,Rejected,Delhi,6.8,30,Yes,2026-05-08
APP00288,CAND0223,JOB003,SRC008,REC004,2026-02-15,Interview 1,Rejected,Bangalore,7.3,60,No,2026-03-11
APP00289,CAND0247,JOB010,SRC002,REC004,2026-01-29,Shortlisted,Rejected,Kolkata,10.3,45,No,2026-02-15
APP00290,CAND0091,JOB015,SRC006,REC002,2026-03-30,Shortlisted,Rejected,Ahmedabad,15.3,45,No,2026-05-02
APP00291,CAND0015,JOB010,SRC005,REC004,2026-04-15,Interview 2,In Process,Gurugram,9.8,30,Yes,2026-05-15
APP00292,CAND0310,JOB018,SRC001,REC001,2026-04-08,Interview 1,Rejected,Pune,11.7,15,Yes,2026-05-21
APP00293,CAND0467,JOB012,SRC006,REC007,2026-02-25,Hired,Hired,Ahmedabad,15.8,30,No,2026-04-16
APP00294,CAND0391,JOB014,SRC001,REC001,2026-05-19,Interview 2,Rejected,Pune,6.7,0,No,2026-06-28
APP00295,CAND0465,JOB018,SRC009,REC004,2026-04-08,Shortlisted,Withdrawn,Kolkata,14.7,30,Yes,2026-05-25
APP00296,CAND0115,JOB001,SRC007,REC004,2026-04-25,Shortlisted,Rejected,Delhi,15.3,0,Yes,2026-05-02
APP00297,CAND0107,JOB016,SRC010,REC004,2026-01-22,Interview 1,Rejected,Hyderabad,11.9,15,Yes,2026-02-07
APP00298,CAND0447,JOB001,SRC005,REC004,2026-05-24,Interview 1,In Process,Pune,8.5,30,Yes,2026-07-10
APP00299,CAND0086,JOB007,SRC008,REC002,2026-01-10,Shortlisted,Rejected,Pune,6.0,60,Yes,2026-02-16
APP00300,CAND0005,JOB010,SRC002,REC007,2026-03-17,Interview 2,In Process,Jaipur,12.6,15,Yes,2026-04-11
APP00301,CAND0214,JOB006,SRC003,REC008,2026-01-18,Screened,Rejected,Jaipur,5.3,15,No,2026-02-18
APP00302,CAND0049,JOB002,SRC010,REC008,2026-06-02,Screened,Rejected,Jaipur,12.8,90,No,2026-06-16
APP00303,CAND0146,JOB014,SRC010,REC005,2026-04-05,Interview 1,In Process,Noida,5.1,90,No,2026-04-16
APP00304,CAND0396,JOB009,SRC010,REC008,2026-02-23,Screened,Rejected,Noida,15.2,15,No,2026-03-06
APP00305,CAND0085,JOB016,SRC001,REC006,2026-01-20,Shortlisted,Rejected,Ahmedabad,13.3,0,Yes,2026-02-11
APP00306,CAND0124,JOB018,SRC007,REC007,2026-04-09,Shortlisted,Rejected,Kolkata,5.1,0,No,2026-05-19
APP00307,CAND0485,JOB009,SRC003,REC007,2026-05-24,Hired,Hired,Ahmedabad,5.7,0,No,2026-06-22
APP00308,CAND0467,JOB012,SRC005,REC001,2026-06-05,Shortlisted,Rejected,Ahmedabad,17.9,30,No,2026-07-22
APP00309,CAND0321,JOB002,SRC010,REC001,2026-05-01,Shortlisted,Rejected,Pune,16.2,45,Yes,2026-06-20
APP00310,CAND0190,JOB001,SRC010,REC003,2026-02-15,Applied,Withdrawn,Jaipur,4.8,60,Yes,2026-03-29
APP00311,CAND0364,JOB002,SRC006,REC002,2026-05-20,Interview 1,Rejected,Bangalore,8.7,0,Yes,2026-07-04
APP00312,CAND0423,JOB017,SRC003,REC005,2026-01-22,Interview 1,Rejected,Mumbai,9.7,45,Yes,2026-03-05
APP00313,CAND0046,JOB004,SRC002,REC003,2026-01-23,Interview 1,Rejected,Hyderabad,15.0,45,No,2026-02-07
APP00314,CAND0195,JOB010,SRC003,REC005,2026-02-05,Shortlisted,Rejected,Pune,6.8,90,Yes,2026-02-25
APP00315,CAND0136,JOB003,SRC008,REC006,2026-05-29,Interview 2,Rejected,Delhi,13.6,15,No,2026-06-10
APP00316,CAND0265,JOB006,SRC008,REC003,2026-04-30,Interview 2,Withdrawn,Indore,16.6,15,No,2026-05-22
APP00317,CAND0375,JOB013,SRC008,REC004,2026-03-06,Shortlisted,Rejected,Ahmedabad,4.6,90,Yes,2026-03-22
APP00318,CAND0219,JOB009,SRC010,REC007,2026-06-01,Interview 2,Rejected,Jaipur,17.5,90,No,2026-07-06
APP00319,CAND0121,JOB007,SRC007,REC002,2026-03-04,Applied,Rejected,Jaipur,6.2,15,No,2026-03-12
APP00320,CAND0242,JOB018,SRC007,REC004,2026-05-01,Interview 1,Rejected,Noida,5.3,45,No,2026-05-11
APP00321,CAND0343,JOB001,SRC004,REC003,2026-03-02,Interview 1,Rejected,Jaipur,14.5,30,No,2026-03-08
APP00322,CAND0218,JOB005,SRC005,REC005,2026-04-10,Offer,In Process,Delhi,6.5,45,No,2026-05-07
APP00323,CAND0191,JOB016,SRC006,REC006,2026-01-29,Shortlisted,Rejected,Delhi,13.4,0,Yes,2026-02-09
APP00324,CAND0486,JOB009,SRC004,REC008,2026-04-22,Offer,In Process,Delhi,10.4,0,No,2026-04-27
APP00325,CAND0075,JOB016,SRC007,REC005,2026-03-30,Hired,Hired,Gurugram,15.6,0,Yes,2026-05-17
APP00326,CAND0134,JOB010,SRC010,REC004,2026-01-13,Shortlisted,Rejected,Ahmedabad,14.5,60,No,2026-01-26
APP00327,CAND0310,JOB013,SRC003,REC005,2026-03-11,Interview 1,Rejected,Pune,7.8,15,Yes,2026-04-11
APP00328,CAND0424,JOB015,SRC010,REC007,2026-06-12,Interview 1,Rejected,Indore,8.8,60,Yes,2026-07-04
APP00329,CAND0131,JOB013,SRC001,REC002,2026-06-11,Hired,Hired,Noida,14.5,60,Yes,2026-07-16
APP00330,CAND0194,JOB004,SRC002,REC007,2026-02-25,Interview 1,In Process,Pune,14.7,90,Yes,2026-04-15
APP00331,CAND0258,JOB018,SRC009,REC007,2026-02-27,Interview 1,Withdrawn,Kolkata,6.2,15,Yes,2026-03-12
APP00332,CAND0335,JOB014,SRC007,REC007,2026-02-18,Hired,Hired,Gurugram,12.7,0,No,2026-02-25
APP00333,CAND0103,JOB011,SRC003,REC005,2026-01-17,Interview 1,In Process,Ahmedabad,13.6,15,No,2026-02-16
APP00334,CAND0350,JOB014,SRC009,REC008,2026-04-09,Shortlisted,In Process,Ahmedabad,14.0,30,No,2026-05-19
APP00335,CAND0247,JOB002,SRC005,REC007,2026-01-11,Interview 1,Rejected,Kolkata,10.0,45,No,2026-01-20
APP00336,CAND0408,JOB016,SRC004,REC005,2026-01-25,Interview 1,Rejected,Indore,14.5,30,No,2026-03-16
APP00337,CAND0076,JOB017,SRC005,REC001,2026-02-26,Shortlisted,Rejected,Jaipur,14.0,90,Yes,2026-04-05
APP00338,CAND0366,JOB015,SRC005,REC003,2026-02-02,Interview 1,Rejected,Kolkata,4.4,30,No,2026-02-17
APP00339,CAND0301,JOB017,SRC006,REC006,2026-04-07,Hired,Hired,Delhi,11.4,90,No,2026-04-20
APP00340,CAND0017,JOB013,SRC002,REC006,2026-05-10,Interview 1,Rejected,Kolkata,16.2,0,Yes,2026-05-15
APP00341,CAND0312,JOB009,SRC009,REC005,2026-01-24,Interview 2,Rejected,Indore,5.9,60,Yes,2026-02-14
APP00342,CAND0307,JOB016,SRC005,REC001,2026-05-29,Shortlisted,Rejected,Ahmedabad,13.0,0,No,2026-07-07
APP00343,CAND0129,JOB014,SRC010,REC005,2026-05-07,Shortlisted,Rejected,Ahmedabad,13.0,60,Yes,2026-05-25
APP00344,CAND0141,JOB018,SRC009,REC005,2026-06-10,Shortlisted,Rejected,Mumbai,8.5,15,No,2026-07-14
APP00345,CAND0084,JOB006,SRC002,REC007,2026-03-19,Interview 2,Withdrawn,Indore,15.5,15,No,2026-04-02
APP00346,CAND0243,JOB014,SRC005,REC004,2026-03-09,Screened,Withdrawn,Ahmedabad,8.3,90,No,2026-04-26
APP00347,CAND0425,JOB011,SRC008,REC005,2026-04-19,Hired,Hired,Hyderabad,17.2,15,No,2026-04-24
APP00348,CAND0083,JOB011,SRC008,REC008,2026-01-12,Interview 1,Rejected,Pune,7.5,30,Yes,2026-02-21
APP00349,CAND0069,JOB003,SRC006,REC007,2026-02-08,Interview 1,Rejected,Noida,10.1,0,No,2026-03-02
APP00350,CAND0240,JOB008,SRC008,REC006,2026-03-27,Shortlisted,In Process,Hyderabad,6.0,15,Yes,2026-05-09
APP00351,CAND0203,JOB016,SRC001,REC001,2026-05-12,Offer,Rejected,Ahmedabad,16.2,60,Yes,2026-06-03
APP00352,CAND0174,JOB015,SRC009,REC007,2026-01-06,Shortlisted,Rejected,Kolkata,4.1,15,No,2026-01-28
APP00353,CAND0133,JOB008,SRC010,REC006,2026-05-17,Interview 1,Rejected,Kolkata,9.0,30,Yes,2026-07-03
APP00354,CAND0179,JOB003,SRC006,REC006,2026-02-28,Hired,Hired,Mumbai,17.9,45,Yes,2026-03-16
APP00355,CAND0371,JOB017,SRC002,REC003,2026-02-23,Interview 1,Rejected,Delhi,8.4,60,Yes,2026-03-09
APP00356,CAND0493,JOB004,SRC006,REC006,2026-03-21,Shortlisted,Rejected,Hyderabad,18.0,60,No,2026-03-28
APP00357,CAND0009,JOB009,SRC006,REC001,2026-02-06,Hired,Hired,Pune,11.3,0,No,2026-02-16
APP00358,CAND0321,JOB012,SRC005,REC006,2026-01-08,Applied,Rejected,Pune,16.2,45,Yes,2026-02-05
APP00359,CAND0024,JOB018,SRC007,REC003,2026-02-10,Offer,In Process,Delhi,17.8,60,Yes,2026-02-19
APP00360,CAND0338,JOB003,SRC002,REC007,2026-03-14,Hired,Hired,Hyderabad,6.6,90,Yes,2026-04-27
APP00361,CAND0293,JOB016,SRC008,REC006,2026-02-18,Shortlisted,Rejected,Kolkata,7.0,30,Yes,2026-03-31
APP00362,CAND0061,JOB009,SRC009,REC006,2026-03-28,Offer,In Process,Bangalore,14.8,0,No,2026-04-28
APP00363,CAND0262,JOB007,SRC003,REC004,2026-01-05,Screened,Withdrawn,Indore,11.9,30,No,2026-02-09
APP00364,CAND0410,JOB018,SRC006,REC004,2026-05-16,Interview 1,Rejected,Pune,16.0,0,Yes,2026-06-01
APP00365,CAND0165,JOB005,SRC005,REC001,2026-01-20,Interview 2,Withdrawn,Mumbai,12.3,0,No,2026-01-26
APP00366,CAND0484,JOB005,SRC004,REC008,2026-02-06,Hired,Hired,Ahmedabad,5.6,90,Yes,2026-02-27
APP00367,CAND0250,JOB010,SRC004,REC002,2026-01-23,Shortlisted,Rejected,Gurugram,16.2,90,Yes,2026-03-08
APP00368,CAND0216,JOB002,SRC002,REC005,2026-03-12,Interview 2,In Process,Pune,17.8,30,No,2026-03-19
APP00369,CAND0295,JOB004,SRC002,REC004,2026-04-03,Interview 2,Rejected,Ahmedabad,14.1,60,No,2026-04-07
APP00370,CAND0435,JOB009,SRC006,REC006,2026-04-01,Applied,Withdrawn,Chennai,8.5,45,Yes,2026-05-17
APP00371,CAND0326,JOB009,SRC003,REC004,2026-05-23,Offer,In Process,Ahmedabad,14.5,60,No,2026-06-05
APP00372,CAND0058,JOB007,SRC010,REC005,2026-05-10,Interview 1,Rejected,Pune,9.6,15,Yes,2026-06-25
APP00373,CAND0204,JOB005,SRC007,REC002,2026-03-17,Interview 1,In Process,Bangalore,10.2,15,No,2026-03-21
APP00374,CAND0152,JOB008,SRC001,REC008,2026-04-23,Shortlisted,Rejected,Delhi,15.9,60,No,2026-06-01
APP00375,CAND0383,JOB009,SRC006,REC005,2026-04-21,Shortlisted,Rejected,Bangalore,9.0,0,No,2026-06-06
APP00376,CAND0441,JOB008,SRC009,REC003,2026-01-25,Interview 1,Withdrawn,Mumbai,11.5,15,Yes,2026-02-02
APP00377,CAND0034,JOB006,SRC001,REC008,2026-05-24,Interview 1,Rejected,Chennai,4.9,60,Yes,2026-06-17
APP00378,CAND0159,JOB018,SRC005,REC006,2026-03-01,Screened,Rejected,Noida,11.6,30,Yes,2026-04-15
APP00379,CAND0442,JOB001,SRC010,REC001,2026-04-02,Hired,Hired,Delhi,4.9,30,Yes,2026-04-30
APP00380,CAND0182,JOB006,SRC007,REC005,2026-05-08,Interview 2,In Process,Pune,17.8,30,Yes,2026-06-19
APP00381,CAND0289,JOB012,SRC002,REC003,2026-02-18,Offer,Rejected,Kolkata,5.4,0,Yes,2026-04-04
APP00382,CAND0472,JOB011,SRC008,REC007,2026-04-25,Hired,Hired,Ahmedabad,7.4,60,No,2026-05-06
APP00383,CAND0102,JOB010,SRC007,REC007,2026-04-22,Shortlisted,Rejected,Kolkata,10.8,45,Yes,2026-05-18
APP00384,CAND0403,JOB010,SRC001,REC001,2026-02-18,Interview 2,Rejected,Noida,11.6,45,No,2026-04-02
APP00385,CAND0038,JOB007,SRC008,REC004,2026-05-27,Screened,Rejected,Hyderabad,13.7,45,Yes,2026-06-16
APP00386,CAND0464,JOB008,SRC006,REC003,2026-04-10,Applied,Rejected,Hyderabad,6.0,45,Yes,2026-04-27
APP00387,CAND0319,JOB009,SRC007,REC005,2026-02-22,Shortlisted,Rejected,Ahmedabad,4.1,15,Yes,2026-03-22
APP00388,CAND0432,JOB007,SRC008,REC005,2026-06-03,Hired,Hired,Jaipur,14.7,15,No,2026-06-13
APP00389,CAND0104,JOB003,SRC009,REC008,2026-02-21,Applied,Withdrawn,Chennai,5.6,30,Yes,2026-02-25
APP00390,CAND0427,JOB013,SRC003,REC002,2026-01-18,Screened,Withdrawn,Delhi,10.2,90,Yes,2026-01-22
APP00391,CAND0394,JOB007,SRC006,REC001,2026-05-26,Shortlisted,Rejected,Indore,6.5,45,No,2026-06-26
APP00392,CAND0201,JOB013,SRC003,REC005,2026-05-10,Hired,Hired,Gurugram,13.2,0,No,2026-06-09
APP00393,CAND0351,JOB008,SRC001,REC007,2026-01-01,Screened,Rejected,Indore,7.1,90,No,2026-02-12
APP00394,CAND0289,JOB018,SRC002,REC001,2026-06-16,Shortlisted,Rejected,Kolkata,13.6,0,Yes,2026-07-12
APP00395,CAND0350,JOB016,SRC010,REC005,2026-03-30,Interview 2,Rejected,Ahmedabad,10.4,30,No,2026-04-24
APP00396,CAND0216,JOB014,SRC008,REC008,2026-04-24,Offer,In Process,Pune,5.9,30,No,2026-05-29
APP00397,CAND0283,JOB006,SRC007,REC007,2026-02-16,Hired,Hired,Indore,11.9,30,No,2026-03-01
APP00398,CAND0183,JOB007,SRC003,REC004,2026-03-20,Interview 1,Rejected,Gurugram,15.6,15,Yes,2026-04-21
APP00399,CAND0210,JOB006,SRC009,REC008,2026-03-13,Interview 1,Rejected,Indore,6.1,60,Yes,2026-04-12
APP00400,CAND0293,JOB006,SRC008,REC001,2026-05-06,Offer,Rejected,Kolkata,16.4,30,Yes,2026-05-12
APP00401,CAND0013,JOB016,SRC006,REC003,2026-01-14,Hired,Hired,Ahmedabad,17.9,0,Yes,2026-02-06
APP00402,CAND0402,JOB014,SRC007,REC006,2026-02-03,Shortlisted,Rejected,Kolkata,7.7,45,Yes,2026-03-05
APP00403,CAND0442,JOB017,SRC002,REC001,2026-02-02,Hired,Hired,Delhi,9.2,30,Yes,2026-02-13
APP00404,CAND0222,JOB008,SRC004,REC001,2026-01-21,Interview 1,In Process,Kolkata,13.9,0,No,2026-02-23
APP00405,CAND0499,JOB007,SRC005,REC003,2026-05-19,Hired,Hired,Chennai,14.7,60,Yes,2026-06-02
APP00406,CAND0253,JOB012,SRC001,REC007,2026-01-21,Offer,Rejected,Indore,13.4,30,No,2026-02-12
APP00407,CAND0445,JOB015,SRC008,REC003,2026-02-06,Interview 2,Rejected,Delhi,15.0,15,No,2026-03-04
APP00408,CAND0425,JOB018,SRC005,REC004,2026-02-18,Offer,Rejected,Hyderabad,6.2,15,No,2026-04-03
APP00409,CAND0175,JOB012,SRC003,REC006,2026-05-25,Interview 1,Withdrawn,Jaipur,7.4,15,Yes,2026-06-16
APP00410,CAND0313,JOB008,SRC004,REC008,2026-05-25,Screened,Rejected,Noida,14.5,15,Yes,2026-07-05
APP00411,CAND0042,JOB017,SRC008,REC008,2026-06-04,Applied,Rejected,Ahmedabad,9.5,0,Yes,2026-06-18
APP00412,CAND0406,JOB009,SRC003,REC006,2026-01-16,Hired,Hired,Bangalore,9.0,60,Yes,2026-02-26
APP00413,CAND0152,JOB001,SRC001,REC007,2026-01-21,Shortlisted,Rejected,Delhi,9.3,60,No,2026-02-02
APP00414,CAND0056,JOB009,SRC008,REC005,2026-02-20,Hired,Hired,Noida,5.8,60,Yes,2026-02-23
APP00415,CAND0366,JOB005,SRC008,REC002,2026-01-18,Hired,Hired,Kolkata,14.0,30,No,2026-01-25
APP00416,CAND0350,JOB018,SRC001,REC001,2026-06-14,Hired,Hired,Ahmedabad,7.1,30,No,2026-06-30
APP00417,CAND0360,JOB003,SRC010,REC006,2026-05-11,Hired,Hired,Mumbai,11.5,45,Yes,2026-06-22
APP00418,CAND0412,JOB004,SRC004,REC004,2026-05-26,Screened,Rejected,Chennai,12.3,15,No,2026-06-16
APP00419,CAND0238,JOB002,SRC004,REC005,2026-02-25,Interview 1,In Process,Pune,16.0,45,No,2026-03-12
APP00420,CAND0040,JOB004,SRC001,REC001,2026-06-08,Shortlisted,In Process,Bangalore,8.2,60,No,2026-07-04
APP00421,CAND0028,JOB012,SRC004,REC004,2026-04-19,Applied,Withdrawn,Gurugram,8.2,45,Yes,2026-04-23
APP00422,CAND0461,JOB004,SRC005,REC003,2026-03-09,Interview 2,Rejected,Chennai,5.7,45,Yes,2026-04-20
APP00423,CAND0016,JOB002,SRC008,REC007,2026-04-30,Applied,Rejected,Bangalore,4.9,90,No,2026-05-19
APP00424,CAND0364,JOB010,SRC008,REC004,2026-03-10,Screened,Rejected,Bangalore,10.3,0,Yes,2026-03-12
APP00425,CAND0448,JOB014,SRC009,REC008,2026-03-01,Hired,Hired,Chennai,5.2,60,No,2026-03-26
APP00426,CAND0454,JOB005,SRC006,REC006,2026-06-15,Screened,Rejected,Mumbai,4.6,0,Yes,2026-07-19
APP00427,CAND0307,JOB011,SRC009,REC003,2026-05-27,Hired,Hired,Ahmedabad,13.7,0,No,2026-06-03
APP00428,CAND0353,JOB004,SRC004,REC008,2026-02-09,Shortlisted,In Process,Delhi,16.5,15,Yes,2026-03-15
APP00429,CAND0074,JOB003,SRC005,REC004,2026-04-14,Offer,Rejected,Bangalore,6.7,45,No,2026-04-17
APP00430,CAND0256,JOB011,SRC006,REC001,2026-03-07,Interview 2,Withdrawn,Gurugram,14.8,45,Yes,2026-04-05
APP00431,CAND0241,JOB002,SRC006,REC005,2026-05-22,Hired,Hired,Kolkata,9.7,30,Yes,2026-05-24
APP00432,CAND0352,JOB005,SRC002,REC004,2026-05-04,Interview 2,Rejected,Noida,16.7,0,No,2026-05-30
APP00433,CAND0460,JOB012,SRC009,REC002,2026-04-18,Shortlisted,Rejected,Chennai,4.9,0,Yes,2026-05-06
APP00434,CAND0206,JOB017,SRC004,REC003,2026-01-31,Interview 1,In Process,Kolkata,10.2,45,Yes,2026-03-08
APP00435,CAND0104,JOB005,SRC005,REC003,2026-04-11,Screened,Rejected,Chennai,13.3,30,Yes,2026-05-20
APP00436,CAND0156,JOB005,SRC006,REC004,2026-05-03,Interview 1,Withdrawn,Ahmedabad,7.0,60,Yes,2026-05-16
APP00437,CAND0127,JOB014,SRC006,REC004,2026-03-09,Hired,Hired,Noida,8.5,30,Yes,2026-04-05
APP00438,CAND0361,JOB005,SRC001,REC006,2026-03-13,Interview 2,Rejected,Bangalore,8.2,45,No,2026-04-18
APP00439,CAND0465,JOB008,SRC010,REC004,2026-03-31,Offer,In Process,Kolkata,7.9,30,Yes,2026-05-10
APP00440,CAND0368,JOB009,SRC010,REC008,2026-05-18,Hired,Hired,Jaipur,5.7,0,Yes,2026-06-13
APP00441,CAND0093,JOB004,SRC006,REC001,2026-01-11,Shortlisted,Rejected,Chennai,15.0,15,Yes,2026-03-01
APP00442,CAND0021,JOB002,SRC001,REC002,2026-03-28,Interview 1,In Process,Gurugram,7.2,45,Yes,2026-05-08
APP00443,CAND0009,JOB006,SRC002,REC005,2026-05-05,Screened,Rejected,Pune,12.5,0,No,2026-05-18
APP00444,CAND0144,JOB004,SRC001,REC004,2026-03-20,Shortlisted,Rejected,Delhi,7.3,90,No,2026-03-27
APP00445,CAND0227,JOB005,SRC007,REC007,2026-01-06,Shortlisted,Rejected,Kolkata,15.1,15,Yes,2026-02-10
APP00446,CAND0011,JOB016,SRC009,REC007,2026-04-24,Interview 1,Rejected,Noida,13.8,90,Yes,2026-05-20
APP00447,CAND0308,JOB016,SRC001,REC004,2026-06-15,Shortlisted,Rejected,Ahmedabad,8.8,45,Yes,2026-07-11
APP00448,CAND0224,JOB015,SRC007,REC002,2026-04-22,Shortlisted,Withdrawn,Gurugram,10.7,30,No,2026-05-04
APP00449,CAND0434,JOB002,SRC007,REC006,2026-01-13,Screened,Rejected,Gurugram,13.7,60,No,2026-01-18
APP00450,CAND0041,JOB017,SRC005,REC008,2026-02-08,Interview 1,In Process,Delhi,7.2,0,No,2026-03-01
APP00451,CAND0009,JOB007,SRC010,REC002,2026-01-18,Interview 1,Rejected,Pune,14.9,0,No,2026-02-24
APP00452,CAND0257,JOB017,SRC001,REC007,2026-02-04,Screened,Rejected,Delhi,12.5,45,Yes,2026-03-01
APP00453,CAND0237,JOB008,SRC008,REC003,2026-01-29,Applied,Rejected,Pune,17.8,45,Yes,2026-02-08
APP00454,CAND0001,JOB010,SRC008,REC008,2026-04-12,Shortlisted,Rejected,Mumbai,13.1,90,Yes,2026-05-17
APP00455,CAND0385,JOB009,SRC009,REC007,2026-02-12,Screened,Rejected,Jaipur,12.4,0,No,2026-03-09
APP00456,CAND0060,JOB014,SRC007,REC007,2026-03-18,Hired,Hired,Ahmedabad,4.2,90,Yes,2026-04-16
APP00457,CAND0328,JOB004,SRC005,REC006,2026-01-14,Interview 2,Rejected,Jaipur,5.1,90,Yes,2026-02-03
APP00458,CAND0191,JOB001,SRC008,REC007,2026-03-27,Shortlisted,Rejected,Delhi,4.7,0,Yes,2026-05-01
APP00459,CAND0389,JOB016,SRC007,REC001,2026-05-21,Hired,Hired,Mumbai,17.6,90,No,2026-06-16
APP00460,CAND0131,JOB007,SRC001,REC002,2026-02-11,Applied,Rejected,Noida,10.6,60,Yes,2026-02-23
APP00461,CAND0474,JOB016,SRC002,REC002,2026-04-28,Shortlisted,Rejected,Pune,10.6,0,No,2026-05-16
APP00462,CAND0270,JOB005,SRC010,REC005,2026-06-02,Shortlisted,Rejected,Kolkata,7.8,90,Yes,2026-07-06
APP00463,CAND0499,JOB013,SRC001,REC005,2026-03-07,Interview 1,In Process,Chennai,16.3,60,Yes,2026-03-24
APP00464,CAND0042,JOB008,SRC003,REC008,2026-01-17,Hired,Hired,Ahmedabad,9.7,0,Yes,2026-02-15
APP00465,CAND0193,JOB003,SRC002,REC002,2026-01-22,Shortlisted,Rejected,Delhi,5.3,30,Yes,2026-03-09
APP00466,CAND0002,JOB016,SRC003,REC001,2026-02-04,Interview 2,Rejected,Chennai,13.8,60,No,2026-03-20
APP00467,CAND0037,JOB010,SRC003,REC002,2026-04-29,Interview 1,Rejected,Chennai,5.3,15,Yes,2026-06-08
APP00468,CAND0335,JOB013,SRC007,REC004,2026-03-21,Screened,Withdrawn,Gurugram,4.5,0,No,2026-03-26
APP00469,CAND0076,JOB004,SRC008,REC003,2026-02-08,Interview 2,In Process,Jaipur,12.1,90,Yes,2026-03-27
APP00470,CAND0338,JOB013,SRC006,REC008,2026-02-04,Interview 1,Rejected,Hyderabad,17.4,90,Yes,2026-03-26
APP00471,CAND0310,JOB016,SRC005,REC004,2026-02-16,Interview 1,Rejected,Pune,15.2,15,Yes,2026-03-13
APP00472,CAND0201,JOB017,SRC010,REC004,2026-04-22,Hired,Hired,Gurugram,17.5,0,No,2026-05-31
APP00473,CAND0203,JOB009,SRC001,REC004,2026-01-11,Shortlisted,In Process,Ahmedabad,10.0,60,Yes,2026-01-17
APP00474,CAND0009,JOB017,SRC005,REC001,2026-05-08,Shortlisted,Rejected,Pune,5.6,0,No,2026-05-25
APP00475,CAND0091,JOB018,SRC004,REC001,2026-04-20,Applied,Rejected,Ahmedabad,5.8,45,No,2026-06-08
APP00476,CAND0375,JOB009,SRC003,REC005,2026-03-07,Hired,Hired,Ahmedabad,6.3,90,Yes,2026-03-15
APP00477,CAND0043,JOB012,SRC002,REC006,2026-02-15,Interview 1,Rejected,Indore,16.8,30,No,2026-03-28
APP00478,CAND0406,JOB014,SRC002,REC007,2026-02-24,Interview 1,Rejected,Bangalore,13.8,60,Yes,2026-04-14
APP00479,CAND0293,JOB012,SRC001,REC006,2026-06-16,Hired,Hired,Kolkata,8.4,30,Yes,2026-07-17
APP00480,CAND0341,JOB005,SRC005,REC007,2026-02-09,Offer,Rejected,Noida,9.1,0,No,2026-03-14
APP00481,CAND0282,JOB018,SRC002,REC005,2026-05-22,Applied,Withdrawn,Pune,8.4,90,Yes,2026-06-19
APP00482,CAND0048,JOB011,SRC005,REC001,2026-02-05,Screened,Rejected,Noida,10.7,45,Yes,2026-03-09
APP00483,CAND0208,JOB018,SRC002,REC005,2026-02-10,Screened,Rejected,Pune,6.4,30,No,2026-03-25
APP00484,CAND0323,JOB001,SRC008,REC004,2026-02-02,Shortlisted,Rejected,Jaipur,17.9,0,No,2026-02-04
APP00485,CAND0253,JOB018,SRC004,REC001,2026-04-21,Interview 2,In Process,Indore,8.8,30,No,2026-05-18
APP00486,CAND0068,JOB002,SRC004,REC004,2026-01-12,Interview 1,In Process,Noida,7.9,90,No,2026-01-21
APP00487,CAND0445,JOB012,SRC006,REC007,2026-04-07,Screened,Withdrawn,Delhi,16.0,15,No,2026-04-18
APP00488,CAND0200,JOB012,SRC004,REC004,2026-05-06,Hired,Hired,Kolkata,4.0,45,Yes,2026-06-06
APP00489,CAND0103,JOB009,SRC008,REC007,2026-03-11,Applied,Rejected,Ahmedabad,7.3,15,No,2026-04-13
APP00490,CAND0197,JOB008,SRC009,REC003,2026-01-29,Hired,Hired,Mumbai,5.4,60,No,2026-03-14
APP00491,CAND0056,JOB010,SRC007,REC005,2026-03-11,Offer,Rejected,Noida,11.9,60,Yes,2026-04-04
APP00492,CAND0038,JOB004,SRC009,REC008,2026-02-04,Shortlisted,In Process,Hyderabad,7.6,45,Yes,2026-03-15
APP00493,CAND0144,JOB015,SRC004,REC002,2026-03-29,Hired,Hired,Delhi,7.5,90,No,2026-05-08
APP00494,CAND0386,JOB015,SRC009,REC003,2026-01-07,Interview 1,Rejected,Kolkata,6.7,90,No,2026-01-19
APP00495,CAND0116,JOB005,SRC001,REC002,2026-02-22,Interview 2,Rejected,Bangalore,10.0,60,No,2026-04-09
APP00496,CAND0366,JOB018,SRC009,REC006,2026-04-26,Interview 1,Rejected,Kolkata,17.4,30,No,2026-05-25
APP00497,CAND0239,JOB003,SRC010,REC002,2026-02-02,Offer,Rejected,Hyderabad,5.6,45,Yes,2026-03-06
APP00498,CAND0252,JOB007,SRC003,REC004,2026-06-12,Interview 1,Withdrawn,Chennai,14.1,45,No,2026-07-18
APP00499,CAND0442,JOB001,SRC002,REC006,2026-02-12,Screened,Rejected,Delhi,6.7,30,Yes,2026-02-20
APP00500,CAND0402,JOB018,SRC006,REC001,2026-06-11,Offer,Rejected,Kolkata,8.4,45,Yes,2026-07-26
APP00501,CAND0014,JOB002,SRC010,REC001,2026-01-01,Interview 1,Rejected,Bangalore,5.2,60,No,2026-02-18
APP00502,CAND0190,JOB002,SRC006,REC005,2026-02-13,Hired,Hired,Jaipur,14.0,60,Yes,2026-03-27
APP00503,CAND0469,JOB017,SRC001,REC005,2026-06-10,Interview 1,Rejected,Indore,10.6,45,Yes,2026-06-27
APP00504,CAND0317,JOB010,SRC003,REC005,2026-04-15,Interview 1,Rejected,Indore,5.8,45,No,2026-06-02
APP00505,CAND0081,JOB012,SRC006,REC005,2026-01-11,Shortlisted,Rejected,Ahmedabad,11.6,45,No,2026-01-24
APP00506,CAND0492,JOB001,SRC002,REC008,2026-04-07,Shortlisted,Rejected,Jaipur,17.4,0,No,2026-05-12
APP00507,CAND0375,JOB004,SRC006,REC004,2026-05-23,Shortlisted,Rejected,Ahmedabad,14.2,90,Yes,2026-06-02
APP00508,CAND0345,JOB011,SRC001,REC005,2026-06-13,Interview 1,In Process,Noida,6.9,90,No,2026-08-02
APP00509,CAND0365,JOB015,SRC009,REC008,2026-02-01,Hired,Hired,Gurugram,12.3,30,Yes,2026-03-15
APP00510,CAND0416,JOB001,SRC010,REC002,2026-03-27,Hired,Hired,Kolkata,12.4,30,Yes,2026-03-29
APP00511,CAND0446,JOB017,SRC010,REC005,2026-01-28,Interview 1,Withdrawn,Ahmedabad,8.8,90,Yes,2026-01-31
APP00512,CAND0123,JOB015,SRC005,REC006,2026-03-28,Interview 1,Rejected,Gurugram,16.0,45,Yes,2026-04-17
APP00513,CAND0266,JOB004,SRC002,REC003,2026-04-20,Hired,Hired,Indore,6.7,15,No,2026-04-25
APP00514,CAND0434,JOB016,SRC007,REC003,2026-06-09,Shortlisted,In Process,Gurugram,5.6,60,No,2026-06-30
APP00515,CAND0400,JOB007,SRC006,REC005,2026-03-02,Interview 2,Rejected,Noida,5.9,15,Yes,2026-03-06
APP00516,CAND0131,JOB006,SRC007,REC007,2026-06-09,Shortlisted,Rejected,Noida,11.7,60,Yes,2026-07-19
APP00517,CAND0456,JOB017,SRC005,REC003,2026-05-18,Interview 1,Rejected,Jaipur,6.1,60,No,2026-06-25
APP00518,CAND0400,JOB005,SRC007,REC007,2026-05-25,Interview 1,Rejected,Noida,17.9,15,Yes,2026-06-26
APP00519,CAND0483,JOB008,SRC009,REC004,2026-03-25,Interview 1,In Process,Indore,16.6,60,Yes,2026-04-29
APP00520,CAND0175,JOB001,SRC009,REC003,2026-04-14,Shortlisted,Rejected,Jaipur,7.7,15,Yes,2026-05-21
APP00521,CAND0177,JOB014,SRC002,REC004,2026-01-04,Hired,Hired,Kolkata,15.6,30,Yes,2026-01-15
APP00522,CAND0264,JOB014,SRC010,REC007,2026-04-10,Interview 1,Rejected,Delhi,11.1,60,No,2026-04-16
APP00523,CAND0042,JOB010,SRC010,REC002,2026-03-24,Interview 1,In Process,Ahmedabad,16.2,0,Yes,2026-04-23
APP00524,CAND0145,JOB013,SRC003,REC001,2026-04-25,Shortlisted,Rejected,Indore,5.8,0,No,2026-05-05
APP00525,CAND0285,JOB003,SRC008,REC008,2026-04-09,Offer,Rejected,Mumbai,4.9,30,Yes,2026-04-27
APP00526,CAND0348,JOB004,SRC002,REC003,2026-01-01,Interview 2,Withdrawn,Ahmedabad,17.7,45,Yes,2026-01-23
APP00527,CAND0151,JOB017,SRC001,REC002,2026-04-21,Interview 1,In Process,Ahmedabad,13.5,0,Yes,2026-04-29
APP00528,CAND0427,JOB006,SRC002,REC008,2026-05-31,Shortlisted,Rejected,Delhi,17.0,90,Yes,2026-06-28
APP00529,CAND0377,JOB016,SRC010,REC008,2026-03-01,Interview 1,In Process,Bangalore,16.3,15,No,2026-04-04
APP00530,CAND0207,JOB004,SRC008,REC008,2026-01-16,Offer,In Process,Delhi,11.3,60,Yes,2026-01-27
APP00531,CAND0268,JOB006,SRC002,REC003,2026-03-25,Offer,Rejected,Jaipur,11.8,90,Yes,2026-04-30
APP00532,CAND0434,JOB017,SRC009,REC002,2026-06-15,Shortlisted,Rejected,Gurugram,17.5,60,No,2026-08-04
APP00533,CAND0047,JOB012,SRC003,REC004,2026-05-20,Hired,Hired,Bangalore,14.8,30,No,2026-07-03
APP00534,CAND0384,JOB002,SRC009,REC006,2026-05-15,Interview 2,Rejected,Chennai,9.2,0,No,2026-06-30
APP00535,CAND0129,JOB006,SRC009,REC007,2026-04-28,Interview 2,In Process,Ahmedabad,6.6,60,Yes,2026-05-15
APP00536,CAND0200,JOB006,SRC010,REC003,2026-04-14,Shortlisted,Rejected,Kolkata,12.5,45,Yes,2026-05-29
APP00537,CAND0115,JOB017,SRC002,REC007,2026-04-05,Shortlisted,Rejected,Delhi,9.4,0,Yes,2026-05-12
APP00538,CAND0313,JOB011,SRC008,REC005,2026-03-08,Screened,Rejected,Noida,13.5,15,Yes,2026-04-11
APP00539,CAND0475,JOB004,SRC008,REC008,2026-02-12,Interview 1,Rejected,Pune,7.8,0,No,2026-02-16
APP00540,CAND0055,JOB007,SRC003,REC006,2026-06-08,Interview 2,Withdrawn,Jaipur,5.4,60,Yes,2026-07-07
APP00541,CAND0376,JOB005,SRC008,REC001,2026-03-11,Interview 1,Rejected,Chennai,14.7,15,No,2026-04-07
APP00542,CAND0406,JOB015,SRC009,REC008,2026-03-13,Shortlisted,Rejected,Bangalore,8.7,60,Yes,2026-05-01
APP00543,CAND0376,JOB014,SRC006,REC006,2026-06-07,Shortlisted,In Process,Chennai,17.5,15,No,2026-07-23
APP00544,CAND0014,JOB005,SRC001,REC001,2026-01-11,Interview 1,Rejected,Bangalore,16.3,60,No,2026-01-17
APP00545,CAND0268,JOB007,SRC007,REC003,2026-01-26,Interview 1,Rejected,Jaipur,9.4,90,Yes,2026-03-08
APP00546,CAND0330,JOB014,SRC003,REC001,2026-02-03,Screened,Rejected,Pune,9.2,60,Yes,2026-02-18
APP00547,CAND0270,JOB007,SRC003,REC002,2026-02-04,Hired,Hired,Kolkata,6.0,90,Yes,2026-03-19
APP00548,CAND0234,JOB006,SRC003,REC006,2026-05-03,Interview 1,Rejected,Jaipur,7.7,15,Yes,2026-05-13
APP00549,CAND0124,JOB004,SRC007,REC001,2026-05-21,Interview 1,Rejected,Kolkata,6.5,0,No,2026-06-21
APP00550,CAND0490,JOB007,SRC007,REC003,2026-01-26,Interview 1,Rejected,Pune,13.0,60,No,2026-02-12
APP00551,CAND0137,JOB014,SRC002,REC008,2026-06-15,Screened,Rejected,Bangalore,9.5,30,No,2026-07-02
APP00552,CAND0293,JOB011,SRC005,REC005,2026-05-28,Interview 1,Rejected,Kolkata,6.5,30,Yes,2026-06-27
APP00553,CAND0240,JOB017,SRC008,REC002,2026-02-24,Interview 1,In Process,Hyderabad,5.8,15,Yes,2026-02-27
APP00554,CAND0390,JOB018,SRC008,REC008,2026-05-13,Screened,Withdrawn,Noida,13.7,60,Yes,2026-06-30
APP00555,CAND0342,JOB017,SRC006,REC003,2026-03-02,Hired,Hired,Indore,15.7,90,Yes,2026-04-21
APP00556,CAND0399,JOB012,SRC001,REC002,2026-03-19,Shortlisted,Rejected,Jaipur,4.8,60,No,2026-04-02
APP00557,CAND0241,JOB003,SRC004,REC008,2026-01-24,Interview 1,Rejected,Kolkata,14.2,30,Yes,2026-02-02
APP00558,CAND0311,JOB003,SRC002,REC002,2026-04-08,Hired,Hired,Noida,5.7,30,Yes,2026-05-26
APP00559,CAND0416,JOB010,SRC009,REC002,2026-02-08,Hired,Hired,Kolkata,8.0,30,Yes,2026-03-17
APP00560,CAND0255,JOB001,SRC002,REC004,2026-04-27,Shortlisted,Withdrawn,Jaipur,11.7,90,No,2026-06-02
APP00561,CAND0158,JOB005,SRC004,REC001,2026-03-08,Applied,Rejected,Bangalore,17.9,60,No,2026-03-13
APP00562,CAND0217,JOB004,SRC006,REC003,2026-05-03,Hired,Hired,Kolkata,12.4,60,Yes,2026-05-08
APP00563,CAND0186,JOB013,SRC008,REC008,2026-04-05,Shortlisted,Rejected,Gurugram,12.3,0,Yes,2026-04-29
APP00564,CAND0218,JOB006,SRC004,REC005,2026-05-03,Shortlisted,Rejected,Delhi,4.0,45,No,2026-05-07
APP00565,CAND0409,JOB017,SRC002,REC001,2026-02-23,Interview 1,Rejected,Jaipur,5.4,60,Yes,2026-03-22
APP00566,CAND0230,JOB004,SRC003,REC001,2026-01-28,Interview 1,In Process,Hyderabad,11.1,60,Yes,2026-02-25
APP00567,CAND0489,JOB009,SRC008,REC005,2026-02-21,Applied,Rejected,Jaipur,11.9,30,Yes,2026-03-06
APP00568,CAND0179,JOB018,SRC009,REC006,2026-04-25,Shortlisted,In Process,Mumbai,6.9,45,Yes,2026-06-01
APP00569,CAND0102,JOB007,SRC010,REC007,2026-02-10,Shortlisted,Rejected,Kolkata,10.1,45,Yes,2026-03-09
APP00570,CAND0041,JOB012,SRC010,REC002,2026-05-15,Applied,Rejected,Delhi,4.8,0,No,2026-06-03
APP00571,CAND0207,JOB014,SRC007,REC002,2026-03-21,Hired,Hired,Delhi,4.9,60,Yes,2026-03-30
APP00572,CAND0402,JOB006,SRC001,REC005,2026-06-06,Interview 1,Rejected,Kolkata,12.4,45,Yes,2026-07-09
APP00573,CAND0309,JOB018,SRC005,REC002,2026-04-16,Hired,Hired,Hyderabad,10.8,15,Yes,2026-04-21
APP00574,CAND0240,JOB002,SRC009,REC008,2026-05-19,Interview 1,In Process,Hyderabad,13.3,15,Yes,2026-07-02
APP00575,CAND0305,JOB017,SRC010,REC008,2026-02-07,Applied,Rejected,Gurugram,15.7,90,No,2026-03-13
APP00576,CAND0321,JOB010,SRC009,REC001,2026-01-19,Shortlisted,Rejected,Pune,5.9,45,Yes,2026-03-10
APP00577,CAND0485,JOB012,SRC009,REC004,2026-05-27,Shortlisted,In Process,Ahmedabad,11.5,0,No,2026-06-01
APP00578,CAND0277,JOB002,SRC007,REC008,2026-03-23,Interview 2,Rejected,Ahmedabad,9.3,0,Yes,2026-03-30
APP00579,CAND0137,JOB002,SRC010,REC006,2026-02-28,Interview 2,Rejected,Bangalore,9.9,30,No,2026-03-24
APP00580,CAND0328,JOB002,SRC010,REC007,2026-06-13,Screened,Withdrawn,Jaipur,14.1,90,Yes,2026-07-24
APP00581,CAND0014,JOB009,SRC008,REC005,2026-02-08,Screened,Rejected,Bangalore,6.0,60,No,2026-03-04
APP00582,CAND0423,JOB014,SRC005,REC003,2026-01-01,Screened,Rejected,Mumbai,11.5,45,Yes,2026-02-06
APP00583,CAND0315,JOB002,SRC007,REC003,2026-03-08,Shortlisted,Rejected,Bangalore,12.4,0,No,2026-03-14
APP00584,CAND0320,JOB003,SRC002,REC005,2026-01-19,Interview 1,Rejected,Indore,14.1,30,Yes,2026-02-12
APP00585,CAND0471,JOB009,SRC006,REC002,2026-04-13,Hired,Hired,Mumbai,6.3,15,Yes,2026-05-02
APP00586,CAND0065,JOB009,SRC010,REC001,2026-05-20,Hired,Hired,Chennai,9.6,45,Yes,2026-06-26
APP00587,CAND0160,JOB017,SRC007,REC005,2026-01-24,Interview 2,Rejected,Hyderabad,4.7,45,Yes,2026-02-02
APP00588,CAND0216,JOB011,SRC004,REC007,2026-06-15,Shortlisted,Withdrawn,Pune,12.4,30,No,2026-07-11
APP00589,CAND0026,JOB001,SRC010,REC005,2026-02-04,Shortlisted,In Process,Jaipur,8.1,30,Yes,2026-03-02
APP00590,CAND0403,JOB018,SRC010,REC007,2026-04-21,Shortlisted,Rejected,Noida,4.2,45,No,2026-05-12
APP00591,CAND0443,JOB012,SRC008,REC008,2026-03-29,Offer,Rejected,Indore,14.8,90,Yes,2026-04-14
APP00592,CAND0439,JOB006,SRC002,REC003,2026-02-08,Shortlisted,Rejected,Chennai,16.3,60,Yes,2026-03-26
APP00593,CAND0206,JOB005,SRC006,REC002,2026-04-10,Shortlisted,In Process,Kolkata,5.3,45,Yes,2026-05-14
APP00594,CAND0031,JOB001,SRC009,REC001,2026-01-28,Offer,In Process,Noida,17.9,15,No,2026-02-07
APP00595,CAND0246,JOB011,SRC004,REC007,2026-03-30,Interview 1,Rejected,Hyderabad,10.5,30,No,2026-04-23
APP00596,CAND0450,JOB009,SRC006,REC005,2026-01-13,Interview 2,In Process,Jaipur,8.0,30,No,2026-02-13
APP00597,CAND0251,JOB006,SRC001,REC004,2026-05-23,Interview 2,Rejected,Noida,9.0,15,No,2026-05-25
APP00598,CAND0007,JOB002,SRC002,REC002,2026-04-12,Applied,Rejected,Bangalore,9.9,90,No,2026-04-25
APP00599,CAND0143,JOB009,SRC005,REC006,2026-03-08,Interview 2,Rejected,Pune,16.3,90,Yes,2026-04-23
APP00600,CAND0301,JOB017,SRC009,REC003,2026-06-03,Interview 1,In Process,Delhi,15.7,90,No,2026-06-11
APP00601,CAND0090,JOB009,SRC003,REC004,2026-05-23,Hired,Hired,Bangalore,7.3,90,Yes,2026-06-30
APP00602,CAND0033,JOB017,SRC007,REC008,2026-04-22,Hired,Hired,Delhi,15.8,0,Yes,2026-06-01
APP00603,CAND0393,JOB018,SRC003,REC004,2026-03-22,Interview 2,Rejected,Noida,15.1,90,No,2026-03-26
APP00604,CAND0217,JOB009,SRC002,REC002,2026-01-04,Shortlisted,In Process,Kolkata,13.9,60,Yes,2026-02-20
APP00605,CAND0001,JOB015,SRC009,REC006,2026-01-26,Shortlisted,Rejected,Mumbai,12.7,90,Yes,2026-01-30
APP00606,CAND0396,JOB018,SRC004,REC007,2026-04-18,Hired,Hired,Noida,11.5,15,No,2026-05-26
APP00607,CAND0292,JOB015,SRC007,REC001,2026-06-02,Hired,Hired,Gurugram,10.0,60,No,2026-07-18
APP00608,CAND0383,JOB005,SRC008,REC005,2026-04-09,Hired,Hired,Bangalore,13.4,0,No,2026-05-22
APP00609,CAND0349,JOB010,SRC006,REC008,2026-01-12,Hired,Hired,Pune,15.8,60,Yes,2026-01-23
APP00610,CAND0370,JOB009,SRC001,REC001,2026-01-23,Shortlisted,Rejected,Jaipur,6.3,45,Yes,2026-02-10
APP00611,CAND0047,JOB005,SRC007,REC002,2026-04-10,Interview 2,Rejected,Bangalore,4.1,30,No,2026-04-16
APP00612,CAND0103,JOB002,SRC001,REC008,2026-01-19,Applied,Rejected,Ahmedabad,10.8,15,No,2026-03-06
APP00613,CAND0425,JOB003,SRC009,REC005,2026-05-24,Hired,Hired,Hyderabad,13.0,15,No,2026-07-01
APP00614,CAND0133,JOB011,SRC001,REC003,2026-04-01,Interview 1,Rejected,Kolkata,5.0,30,Yes,2026-04-21
APP00615,CAND0442,JOB009,SRC009,REC007,2026-01-10,Screened,Rejected,Delhi,14.0,30,Yes,2026-01-28
APP00616,CAND0477,JOB018,SRC009,REC004,2026-05-21,Shortlisted,Rejected,Mumbai,17.7,30,Yes,2026-07-02
APP00617,CAND0469,JOB005,SRC009,REC001,2026-03-26,Shortlisted,Withdrawn,Indore,13.9,45,Yes,2026-04-22
APP00618,CAND0318,JOB011,SRC006,REC002,2026-04-04,Interview 1,Rejected,Delhi,4.1,15,No,2026-04-08
APP00619,CAND0487,JOB003,SRC002,REC008,2026-05-10,Applied,Rejected,Delhi,8.6,0,No,2026-05-30
APP00620,CAND0361,JOB015,SRC007,REC001,2026-02-15,Shortlisted,Rejected,Bangalore,7.3,45,No,2026-03-06
APP00621,CAND0001,JOB003,SRC003,REC003,2026-04-23,Shortlisted,Rejected,Mumbai,17.5,90,Yes,2026-04-25
APP00622,CAND0389,JOB002,SRC002,REC006,2026-01-29,Interview 2,Rejected,Mumbai,8.9,90,No,2026-03-13
APP00623,CAND0202,JOB010,SRC010,REC004,2026-03-19,Interview 1,Rejected,Delhi,4.0,45,Yes,2026-04-12
APP00624,CAND0466,JOB004,SRC004,REC006,2026-06-07,Shortlisted,Rejected,Gurugram,14.5,15,No,2026-07-02
APP00625,CAND0024,JOB012,SRC007,REC002,2026-01-09,Interview 1,Rejected,Delhi,13.0,60,Yes,2026-02-05
APP00626,CAND0137,JOB005,SRC004,REC004,2026-05-26,Offer,Rejected,Bangalore,16.1,30,No,2026-05-29
APP00627,CAND0322,JOB006,SRC010,REC003,2026-02-26,Applied,Rejected,Jaipur,14.3,45,Yes,2026-03-02
APP00628,CAND0293,JOB002,SRC007,REC001,2026-04-02,Interview 1,Rejected,Kolkata,9.8,30,Yes,2026-04-20
APP00629,CAND0459,JOB011,SRC008,REC006,2026-05-25,Interview 2,Rejected,Pune,16.0,45,Yes,2026-06-01
APP00630,CAND0065,JOB001,SRC008,REC002,2026-01-24,Hired,Hired,Chennai,14.5,45,Yes,2026-01-26
APP00631,CAND0191,JOB011,SRC009,REC002,2026-05-31,Interview 1,Withdrawn,Delhi,6.3,0,Yes,2026-07-16
APP00632,CAND0281,JOB013,SRC010,REC003,2026-05-11,Hired,Hired,Chennai,11.1,45,Yes,2026-06-03
APP00633,CAND0143,JOB007,SRC003,REC002,2026-01-17,Interview 1,In Process,Pune,13.8,90,Yes,2026-03-03
APP00634,CAND0255,JOB012,SRC003,REC002,2026-03-04,Interview 1,Rejected,Jaipur,11.0,90,No,2026-04-01
APP00635,CAND0234,JOB015,SRC006,REC007,2026-05-30,Hired,Hired,Jaipur,5.0,15,Yes,2026-06-02
APP00636,CAND0411,JOB007,SRC002,REC007,2026-05-05,Interview 2,Rejected,Bangalore,17.6,30,No,2026-06-02
APP00637,CAND0201,JOB007,SRC005,REC004,2026-02-27,Interview 2,Withdrawn,Gurugram,9.3,0,No,2026-03-30
APP00638,CAND0436,JOB017,SRC001,REC008,2026-06-02,Offer,Rejected,Pune,6.1,0,Yes,2026-06-19
APP00639,CAND0015,JOB012,SRC005,REC006,2026-04-30,Interview 1,Rejected,Gurugram,11.0,30,Yes,2026-05-31
APP00640,CAND0198,JOB017,SRC007,REC002,2026-04-21,Hired,Hired,Bangalore,8.8,15,Yes,2026-05-16
APP00641,CAND0142,JOB005,SRC004,REC006,2026-05-31,Offer,Rejected,Hyderabad,8.0,45,Yes,2026-07-14
APP00642,CAND0478,JOB004,SRC002,REC006,2026-05-21,Shortlisted,Rejected,Mumbai,6.9,90,No,2026-07-04
APP00643,CAND0222,JOB017,SRC008,REC005,2026-03-10,Applied,Rejected,Kolkata,11.0,0,No,2026-04-22
APP00644,CAND0495,JOB006,SRC001,REC007,2026-03-29,Offer,In Process,Bangalore,10.5,60,Yes,2026-04-08
APP00645,CAND0034,JOB010,SRC003,REC006,2026-04-29,Hired,Hired,Chennai,4.4,60,Yes,2026-05-20
APP00646,CAND0096,JOB016,SRC004,REC006,2026-02-02,Screened,Withdrawn,Gurugram,16.7,15,Yes,2026-02-13
APP00647,CAND0078,JOB015,SRC004,REC004,2026-05-14,Interview 1,Withdrawn,Indore,13.7,90,No,2026-05-30
APP00648,CAND0465,JOB002,SRC009,REC008,2026-01-12,Applied,Withdrawn,Kolkata,14.7,30,Yes,2026-01-24
APP00649,CAND0425,JOB007,SRC007,REC001,2026-01-26,Shortlisted,Withdrawn,Hyderabad,13.0,15,No,2026-03-04
APP00650,CAND0362,JOB003,SRC008,REC007,2026-03-09,Screened,Withdrawn,Hyderabad,8.5,15,Yes,2026-04-28
APP00651,CAND0068,JOB005,SRC004,REC004,2026-02-09,Applied,Rejected,Noida,5.5,90,No,2026-03-21
APP00652,CAND0150,JOB009,SRC003,REC006,2026-05-24,Interview 1,Rejected,Indore,13.3,60,No,2026-07-08
APP00653,CAND0461,JOB013,SRC004,REC008,2026-03-04,Shortlisted,Rejected,Chennai,13.6,45,Yes,2026-04-06
APP00654,CAND0424,JOB008,SRC001,REC008,2026-03-22,Shortlisted,In Process,Indore,13.1,60,Yes,2026-04-13
APP00655,CAND0455,JOB003,SRC004,REC007,2026-02-14,Interview 1,Rejected,Bangalore,7.2,60,No,2026-04-03
APP00656,CAND0038,JOB006,SRC002,REC006,2026-01-23,Hired,Hired,Hyderabad,11.9,45,Yes,2026-03-09
APP00657,CAND0223,JOB006,SRC001,REC002,2026-06-09,Hired,Hired,Bangalore,13.3,60,No,2026-06-20
APP00658,CAND0309,JOB006,SRC003,REC008,2026-06-16,Shortlisted,Withdrawn,Hyderabad,13.7,15,Yes,2026-07-21
APP00659,CAND0181,JOB008,SRC004,REC005,2026-02-21,Shortlisted,Rejected,Noida,6.6,15,Yes,2026-03-27
APP00660,CAND0120,JOB004,SRC003,REC001,2026-02-10,Interview 2,Rejected,Gurugram,10.8,15,Yes,2026-03-08
APP00661,CAND0231,JOB010,SRC002,REC007,2026-02-21,Applied,Rejected,Chennai,16.0,30,Yes,2026-02-25
APP00662,CAND0012,JOB014,SRC004,REC006,2026-03-22,Hired,Hired,Gurugram,14.3,30,No,2026-04-10
APP00663,CAND0271,JOB006,SRC008,REC007,2026-02-22,Hired,Hired,Jaipur,8.4,15,Yes,2026-03-14
APP00664,CAND0484,JOB009,SRC005,REC008,2026-03-14,Shortlisted,Rejected,Ahmedabad,11.4,90,Yes,2026-04-28
APP00665,CAND0115,JOB002,SRC010,REC006,2026-05-09,Offer,Rejected,Delhi,17.8,0,Yes,2026-06-22
APP00666,CAND0440,JOB005,SRC001,REC004,2026-01-03,Shortlisted,Rejected,Hyderabad,17.0,90,No,2026-01-14
APP00667,CAND0422,JOB001,SRC003,REC006,2026-01-28,Shortlisted,Rejected,Kolkata,16.0,15,Yes,2026-02-21
APP00668,CAND0170,JOB011,SRC008,REC001,2026-05-23,Hired,Hired,Jaipur,12.0,0,Yes,2026-06-07
APP00669,CAND0478,JOB005,SRC001,REC004,2026-02-19,Interview 1,In Process,Mumbai,13.2,90,No,2026-02-22
APP00670,CAND0364,JOB005,SRC010,REC005,2026-04-08,Hired,Hired,Bangalore,15.3,0,Yes,2026-04-15
APP00671,CAND0385,JOB011,SRC003,REC004,2026-02-21,Screened,Rejected,Jaipur,5.9,0,No,2026-03-03
APP00672,CAND0206,JOB004,SRC004,REC004,2026-01-03,Interview 1,Withdrawn,Kolkata,10.2,45,Yes,2026-02-20
APP00673,CAND0178,JOB011,SRC004,REC001,2026-02-14,Hired,Hired,Mumbai,17.2,15,No,2026-02-27
APP00674,CAND0030,JOB015,SRC007,REC005,2026-05-20,Hired,Hired,Delhi,16.8,45,No,2026-07-02
APP00675,CAND0021,JOB011,SRC007,REC007,2026-05-17,Interview 1,Rejected,Gurugram,17.3,45,Yes,2026-06-19
APP00676,CAND0062,JOB017,SRC008,REC001,2026-03-02,Interview 2,Rejected,Noida,14.4,45,No,2026-03-07
APP00677,CAND0464,JOB016,SRC007,REC005,2026-03-05,Interview 2,In Process,Hyderabad,16.0,45,Yes,2026-03-16
APP00678,CAND0157,JOB017,SRC009,REC008,2026-05-11,Hired,Hired,Indore,10.5,0,Yes,2026-05-23
APP00679,CAND0472,JOB016,SRC008,REC006,2026-02-13,Offer,In Process,Ahmedabad,5.1,60,No,2026-03-12
APP00680,CAND0416,JOB005,SRC007,REC003,2026-06-09,Applied,Rejected,Kolkata,9.3,30,Yes,2026-07-02
APP00681,CAND0340,JOB009,SRC010,REC001,2026-06-15,Hired,Hired,Chennai,14.1,0,Yes,2026-07-01
APP00682,CAND0206,JOB010,SRC001,REC002,2026-05-30,Applied,Rejected,Kolkata,8.3,45,Yes,2026-06-20
APP00683,CAND0385,JOB005,SRC001,REC001,2026-04-10,Shortlisted,Rejected,Jaipur,12.9,0,No,2026-05-12
APP00684,CAND0267,JOB011,SRC007,REC007,2026-03-14,Shortlisted,In Process,Ahmedabad,12.3,90,Yes,2026-05-01
APP00685,CAND0152,JOB006,SRC002,REC003,2026-04-22,Hired,Hired,Delhi,4.2,60,No,2026-06-07
APP00686,CAND0102,JOB004,SRC009,REC001,2026-01-15,Screened,Withdrawn,Kolkata,13.9,45,Yes,2026-01-20
APP00687,CAND0179,JOB007,SRC003,REC006,2026-02-19,Hired,Hired,Mumbai,8.5,45,Yes,2026-02-23
APP00688,CAND0224,JOB008,SRC004,REC003,2026-05-23,Interview 1,Rejected,Gurugram,9.4,30,No,2026-06-07
APP00689,CAND0204,JOB015,SRC002,REC004,2026-04-22,Hired,Hired,Bangalore,17.6,15,No,2026-05-06
APP00690,CAND0023,JOB014,SRC006,REC003,2026-01-02,Interview 2,Rejected,Ahmedabad,15.4,90,No,2026-01-19
APP00691,CAND0367,JOB005,SRC007,REC007,2026-04-05,Interview 1,Rejected,Kolkata,12.6,90,No,2026-04-29
APP00692,CAND0322,JOB001,SRC008,REC005,2026-02-04,Interview 1,Withdrawn,Jaipur,6.0,45,Yes,2026-03-17
APP00693,CAND0235,JOB010,SRC008,REC005,2026-05-24,Shortlisted,Rejected,Chennai,5.1,45,Yes,2026-06-27
APP00694,CAND0058,JOB014,SRC008,REC004,2026-03-15,Screened,Rejected,Pune,14.3,15,Yes,2026-04-20
APP00695,CAND0195,JOB010,SRC010,REC001,2026-03-09,Interview 1,Rejected,Pune,11.2,90,Yes,2026-04-05
APP00696,CAND0205,JOB010,SRC009,REC001,2026-01-05,Shortlisted,Withdrawn,Mumbai,9.0,60,No,2026-01-13
APP00697,CAND0285,JOB018,SRC010,REC004,2026-01-11,Interview 1,Rejected,Mumbai,12.7,30,Yes,2026-03-01
APP00698,CAND0001,JOB007,SRC001,REC006,2026-04-10,Interview 2,Rejected,Mumbai,12.4,90,Yes,2026-05-23
APP00699,CAND0213,JOB002,SRC001,REC002,2026-06-11,Screened,Rejected,Pune,7.2,15,No,2026-07-01
APP00700,CAND0487,JOB009,SRC003,REC001,2026-04-11,Interview 1,Rejected,Delhi,17.0,0,No,2026-05-06
APP00701,CAND0447,JOB016,SRC003,REC006,2026-04-19,Screened,Rejected,Pune,4.1,30,Yes,2026-05-06
APP00702,CAND0478,JOB010,SRC008,REC001,2026-03-08,Interview 2,Withdrawn,Mumbai,8.0,90,No,2026-03-30
APP00703,CAND0380,JOB008,SRC007,REC003,2026-06-18,Interview 2,Rejected,Bangalore,14.9,60,Yes,2026-07-05
APP00704,CAND0072,JOB011,SRC002,REC007,2026-01-30,Applied,Withdrawn,Indore,10.3,15,Yes,2026-02-04
APP00705,CAND0173,JOB002,SRC009,REC001,2026-04-03,Shortlisted,Withdrawn,Ahmedabad,7.8,30,No,2026-04-19
APP00706,CAND0183,JOB005,SRC005,REC008,2026-05-16,Offer,In Process,Gurugram,5.7,15,Yes,2026-06-24
APP00707,CAND0035,JOB012,SRC003,REC008,2026-05-20,Shortlisted,Rejected,Chennai,8.4,45,No,2026-05-26
APP00708,CAND0063,JOB015,SRC005,REC007,2026-03-25,Screened,Withdrawn,Gurugram,10.8,90,Yes,2026-04-28
APP00709,CAND0052,JOB017,SRC010,REC002,2026-04-02,Offer,In Process,Noida,11.0,30,No,2026-05-21
APP00710,CAND0284,JOB011,SRC008,REC004,2026-05-28,Interview 1,Rejected,Delhi,8.8,30,Yes,2026-06-05
APP00711,CAND0318,JOB015,SRC010,REC006,2026-04-23,Interview 1,Withdrawn,Delhi,8.6,15,No,2026-06-09
APP00712,CAND0312,JOB003,SRC003,REC005,2026-05-16,Shortlisted,Rejected,Indore,5.1,60,Yes,2026-05-18
APP00713,CAND0469,JOB009,SRC006,REC002,2026-03-10,Interview 2,Rejected,Indore,11.3,45,Yes,2026-04-06
APP00714,CAND0455,JOB001,SRC010,REC003,2026-01-27,Screened,Withdrawn,Bangalore,11.8,60,No,2026-02-25
APP00715,CAND0300,JOB007,SRC004,REC006,2026-01-23,Interview 1,Rejected,Pune,4.3,90,No,2026-03-12
APP00716,CAND0041,JOB001,SRC004,REC003,2026-05-27,Shortlisted,Rejected,Delhi,5.7,0,No,2026-07-14
APP00717,CAND0294,JOB002,SRC009,REC006,2026-05-17,Applied,Rejected,Mumbai,8.6,90,Yes,2026-05-27
APP00718,CAND0154,JOB007,SRC008,REC004,2026-04-13,Interview 2,Rejected,Bangalore,10.9,30,No,2026-05-09
APP00719,CAND0047,JOB012,SRC005,REC008,2026-03-05,Shortlisted,Rejected,Bangalore,12.2,30,No,2026-04-12
APP00720,CAND0178,JOB004,SRC002,REC007,2026-03-16,Interview 1,Rejected,Mumbai,15.7,15,No,2026-04-02
