interview_id,application_id,interview_round,interview_date,interviewer,technical_score,communication_score,culture_fit_score,interview_result,interview_mode
INT00001,APP00001,Interview 1,2026-06-09,TA Panel,96,91,89,Selected,Video
INT00002,APP00001,Interview 2,2026-06-16,Business Panel,78,55,57,Selected,In-person
INT00003,APP00002,Interview 1,2026-03-07,TA Panel,79,71,78,Selected,Phone
INT00004,APP00002,Interview 2,2026-03-13,TA Panel,55,59,75,Rejected,In-person
INT00005,APP00004,Interview 1,2026-05-29,Hiring Manager,78,69,82,Selected,In-person
INT00006,APP00004,Interview 2,2026-06-05,Business Panel,55,91,58,Selected,Phone
INT00007,APP00005,Interview 1,2026-05-03,Hiring Manager,93,62,97,Hold,In-person
INT00008,APP00006,Interview 1,2026-04-01,Hiring Manager,93,62,58,Selected,Video
INT00009,APP00006,Interview 2,2026-04-03,Hiring Manager,71,74,83,Rejected,In-person
INT00010,APP00007,Interview 1,2026-06-01,Technical Panel,66,67,94,Selected,In-person
INT00011,APP00009,Interview 1,2026-03-11,Hiring Manager,75,77,98,Rejected,In-person
INT00012,APP00010,Interview 1,2026-06-26,Hiring Manager,75,79,88,Rejected,Phone
INT00013,APP00010,Interview 2,2026-07-04,Business Panel,65,74,93,Rejected,In-person
INT00014,APP00011,Interview 1,2026-05-04,Technical Panel,61,64,56,Selected,In-person
INT00015,APP00011,Interview 2,2026-05-13,Technical Panel,97,64,67,Selected,Video
INT00016,APP00013,Interview 1,2026-04-28,Business Panel,61,94,86,Hold,Phone
INT00017,APP00013,Interview 2,2026-05-06,Business Panel,75,75,80,Rejected,Phone
INT00018,APP00015,Interview 1,2026-03-05,Hiring Manager,96,66,92,Selected,Phone
INT00019,APP00015,Interview 2,2026-03-13,Business Panel,70,56,66,Selected,In-person
INT00020,APP00016,Interview 1,2026-02-19,TA Panel,52,76,91,Selected,Phone
INT00021,APP00016,Interview 2,2026-02-23,Hiring Manager,95,81,74,Selected,In-person
INT00022,APP00018,Interview 1,2026-03-17,Hiring Manager,52,97,91,Selected,Phone
INT00023,APP00018,Interview 2,2026-03-19,TA Panel,56,65,98,Selected,In-person
INT00024,APP00020,Interview 1,2026-03-27,Technical Panel,96,82,93,Selected,In-person
INT00025,APP00020,Interview 2,2026-04-03,Business Panel,58,88,95,Selected,In-person
INT00026,APP00022,Interview 1,2026-05-21,Technical Panel,71,98,85,Selected,In-person
INT00027,APP00022,Interview 2,2026-05-30,Business Panel,59,89,76,Selected,In-person
INT00028,APP00023,Interview 1,2026-02-23,Technical Panel,98,57,72,Selected,In-person
INT00029,APP00024,Interview 1,2026-05-30,Business Panel,62,88,74,Selected,In-person
INT00030,APP00024,Interview 2,2026-06-03,Business Panel,63,79,88,Rejected,Video
INT00031,APP00026,Interview 1,2026-03-02,Hiring Manager,89,68,89,Rejected,In-person
INT00032,APP00027,Interview 1,2026-02-27,Business Panel,74,80,66,Selected,Phone
INT00033,APP00028,Interview 1,2026-03-08,Business Panel,56,85,69,Rejected,Video
INT00034,APP00028,Interview 2,2026-03-15,Technical Panel,75,75,84,Selected,In-person
INT00035,APP00030,Interview 1,2026-06-13,TA Panel,84,66,97,Selected,Phone
INT00036,APP00030,Interview 2,2026-06-22,Business Panel,57,75,90,Selected,Video
INT00037,APP00031,Interview 1,2026-06-25,Business Panel,78,94,91,Rejected,In-person
INT00038,APP00031,Interview 2,2026-07-01,Technical Panel,86,82,77,Rejected,Video
INT00039,APP00032,Interview 1,2026-01-27,Business Panel,65,92,80,Selected,Phone
INT00040,APP00032,Interview 2,2026-02-04,Business Panel,74,89,68,Selected,Phone
INT00041,APP00033,Interview 1,2026-02-03,Business Panel,79,94,66,Hold,In-person
INT00042,APP00034,Interview 1,2026-03-20,Business Panel,52,78,62,Hold,Phone
INT00043,APP00034,Interview 2,2026-03-24,Technical Panel,96,84,88,Rejected,Video
INT00044,APP00036,Interview 1,2026-01-22,Technical Panel,97,86,60,Rejected,Video
INT00045,APP00036,Interview 2,2026-01-28,Technical Panel,58,71,55,Rejected,Phone
INT00046,APP00037,Interview 1,2026-02-25,Business Panel,81,79,70,Rejected,Phone
INT00047,APP00037,Interview 2,2026-03-02,Technical Panel,86,58,96,Rejected,In-person
INT00048,APP00039,Interview 1,2026-05-16,Hiring Manager,71,71,96,Selected,Phone
INT00049,APP00039,Interview 2,2026-05-21,TA Panel,83,75,90,Selected,Video
INT00050,APP00040,Interview 1,2026-01-18,TA Panel,88,62,66,Selected,In-person
INT00051,APP00043,Interview 1,2026-02-04,TA Panel,92,76,80,Selected,Phone
INT00052,APP00043,Interview 2,2026-02-13,Hiring Manager,77,89,69,Selected,Video
INT00053,APP00047,Interview 1,2026-04-15,Hiring Manager,54,64,86,Selected,Phone
INT00054,APP00047,Interview 2,2026-04-17,TA Panel,65,55,66,Selected,Phone
INT00055,APP00048,Interview 1,2026-01-31,TA Panel,63,76,59,Rejected,Video
INT00056,APP00048,Interview 2,2026-02-04,TA Panel,94,83,70,Selected,Phone
INT00057,APP00050,Interview 1,2026-06-17,Hiring Manager,62,94,78,Selected,Phone
INT00058,APP00051,Interview 1,2026-03-02,Technical Panel,68,76,94,Selected,In-person
INT00059,APP00051,Interview 2,2026-03-06,Business Panel,60,87,62,Rejected,Video
INT00060,APP00052,Interview 1,2026-04-10,Hiring Manager,80,82,64,Rejected,Video
INT00061,APP00053,Interview 1,2026-03-03,Business Panel,57,84,81,Selected,Video
INT00062,APP00053,Interview 2,2026-03-07,TA Panel,90,91,90,Selected,Video
INT00063,APP00054,Interview 1,2026-03-17,Hiring Manager,52,82,88,Hold,In-person
INT00064,APP00056,Interview 1,2026-05-17,Business Panel,90,95,55,Selected,Phone
INT00065,APP00056,Interview 2,2026-05-19,Business Panel,68,72,94,Selected,Phone
INT00066,APP00058,Interview 1,2026-06-14,Business Panel,54,86,87,Selected,Phone
INT00067,APP00059,Interview 1,2026-06-23,Technical Panel,75,59,61,Hold,Video
INT00068,APP00059,Interview 2,2026-07-02,Hiring Manager,59,73,81,Hold,Phone
INT00069,APP00062,Interview 1,2026-05-30,TA Panel,52,83,71,Hold,In-person
INT00070,APP00063,Interview 1,2026-02-28,Technical Panel,79,64,55,Selected,Phone
INT00071,APP00063,Interview 2,2026-03-06,Technical Panel,80,91,97,Selected,Video
INT00072,APP00065,Interview 1,2026-03-14,Hiring Manager,70,97,78,Rejected,In-person
INT00073,APP00066,Interview 1,2026-04-09,Business Panel,68,81,63,Selected,Phone
INT00074,APP00066,Interview 2,2026-04-14,Technical Panel,69,59,92,Rejected,In-person
INT00075,APP00068,Interview 1,2026-05-25,Technical Panel,91,81,66,Selected,In-person
INT00076,APP00068,Interview 2,2026-05-31,Hiring Manager,81,93,78,Selected,Phone
INT00077,APP00070,Interview 1,2026-04-03,Technical Panel,93,98,78,Rejected,Video
INT00078,APP00072,Interview 1,2026-05-07,Technical Panel,88,66,74,Rejected,Video
INT00079,APP00072,Interview 2,2026-05-11,TA Panel,94,68,63,Selected,Video
INT00080,APP00073,Interview 1,2026-01-22,Hiring Manager,92,62,93,Selected,Video
INT00081,APP00076,Interview 1,2026-06-18,Hiring Manager,76,75,62,Selected,In-person
INT00082,APP00076,Interview 2,2026-06-27,Technical Panel,98,73,90,Selected,Phone
INT00083,APP00079,Interview 1,2026-04-25,Business Panel,98,77,85,Rejected,Phone
INT00084,APP00079,Interview 2,2026-05-01,Hiring Manager,59,62,71,Rejected,In-person
INT00085,APP00080,Interview 1,2026-03-01,Technical Panel,92,89,76,Rejected,Phone
INT00086,APP00081,Interview 1,2026-04-10,TA Panel,77,74,79,Selected,In-person
INT00087,APP00081,Interview 2,2026-04-19,TA Panel,80,87,58,Selected,In-person
INT00088,APP00082,Interview 1,2026-04-22,TA Panel,72,70,70,Selected,Phone
INT00089,APP00083,Interview 1,2026-04-13,Business Panel,94,92,56,Selected,In-person
INT00090,APP00083,Interview 2,2026-04-20,Hiring Manager,86,86,61,Selected,Phone
INT00091,APP00084,Interview 1,2026-05-31,Business Panel,67,82,68,Selected,In-person
INT00092,APP00084,Interview 2,2026-06-06,Technical Panel,77,67,81,Rejected,In-person
INT00093,APP00086,Interview 1,2026-02-26,Technical Panel,68,98,93,Rejected,Video
INT00094,APP00086,Interview 2,2026-03-02,Technical Panel,62,84,86,Selected,Phone
INT00095,APP00089,Interview 1,2026-06-14,Technical Panel,65,76,92,Rejected,Phone
INT00096,APP00089,Interview 2,2026-06-22,TA Panel,63,68,72,Selected,In-person
INT00097,APP00090,Interview 1,2026-02-21,Hiring Manager,69,97,58,Selected,Phone
INT00098,APP00090,Interview 2,2026-03-01,Technical Panel,69,98,62,Rejected,Phone
INT00099,APP00091,Interview 1,2026-03-01,Technical Panel,80,82,61,Rejected,Video
INT00100,APP00093,Interview 1,2026-04-15,TA Panel,80,71,66,Hold,Phone
INT00101,APP00094,Interview 1,2026-03-05,TA Panel,62,58,80,Selected,Phone
INT00102,APP00095,Interview 1,2026-06-08,Technical Panel,62,73,86,Hold,In-person
INT00103,APP00096,Interview 1,2026-05-09,Business Panel,87,60,55,Selected,In-person
INT00104,APP00096,Interview 2,2026-05-14,Business Panel,95,82,93,Selected,In-person
INT00105,APP00097,Interview 1,2026-01-14,Technical Panel,60,84,63,Rejected,Video
INT00106,APP00098,Interview 1,2026-04-09,TA Panel,83,75,86,Selected,Video
INT00107,APP00098,Interview 2,2026-04-11,TA Panel,62,66,57,Selected,In-person
INT00108,APP00100,Interview 1,2026-02-28,Hiring Manager,65,76,56,Rejected,In-person
INT00109,APP00102,Interview 1,2026-04-09,Business Panel,97,60,80,Selected,In-person
INT00110,APP00102,Interview 2,2026-04-12,TA Panel,51,79,80,Hold,In-person
INT00111,APP00104,Interview 1,2026-05-08,Hiring Manager,68,85,74,Rejected,Video
INT00112,APP00104,Interview 2,2026-05-13,Hiring Manager,83,90,59,Selected,Video
INT00113,APP00105,Interview 1,2026-06-13,Business Panel,55,74,75,Selected,Phone
INT00114,APP00105,Interview 2,2026-06-19,TA Panel,71,68,66,Selected,Video
INT00115,APP00106,Interview 1,2026-07-05,TA Panel,58,62,56,Selected,Phone
INT00116,APP00107,Interview 1,2026-06-29,TA Panel,57,64,83,Selected,In-person
INT00117,APP00107,Interview 2,2026-07-04,Technical Panel,62,91,80,Selected,Video
INT00118,APP00108,Interview 1,2026-05-14,Hiring Manager,77,72,96,Rejected,In-person
INT00119,APP00108,Interview 2,2026-05-21,Hiring Manager,78,65,73,Rejected,Phone
INT00120,APP00109,Interview 1,2026-04-24,TA Panel,92,67,65,Rejected,Phone
INT00121,APP00111,Interview 1,2026-02-14,Hiring Manager,59,58,83,Selected,In-person
INT00122,APP00111,Interview 2,2026-02-17,Hiring Manager,85,87,61,Selected,Video
INT00123,APP00112,Interview 1,2026-04-17,TA Panel,68,60,72,Selected,In-person
INT00124,APP00112,Interview 2,2026-04-21,Business Panel,98,69,63,Selected,In-person
INT00125,APP00113,Interview 1,2026-04-05,Technical Panel,90,81,80,Selected,Phone
INT00126,APP00113,Interview 2,2026-04-12,Technical Panel,50,88,94,Selected,Video
INT00127,APP00115,Interview 1,2026-05-31,Business Panel,96,87,62,Selected,Phone
INT00128,APP00115,Interview 2,2026-06-07,Hiring Manager,57,96,62,Selected,In-person
INT00129,APP00116,Interview 1,2026-04-15,Technical Panel,83,84,61,Rejected,Video
INT00130,APP00118,Interview 1,2026-05-04,Hiring Manager,80,65,90,Selected,In-person
INT00131,APP00118,Interview 2,2026-05-07,Technical Panel,57,91,73,Selected,Video
INT00132,APP00119,Interview 1,2026-01-27,Technical Panel,85,59,57,Selected,In-person
INT00133,APP00119,Interview 2,2026-02-05,Business Panel,71,85,93,Selected,Video
INT00134,APP00121,Interview 1,2026-06-30,TA Panel,57,56,72,Rejected,Video
INT00135,APP00124,Interview 1,2026-01-28,TA Panel,62,93,92,Selected,Video
INT00136,APP00124,Interview 2,2026-02-05,Technical Panel,57,58,75,Selected,In-person
INT00137,APP00125,Interview 1,2026-03-17,TA Panel,73,70,89,Selected,In-person
INT00138,APP00125,Interview 2,2026-03-19,Technical Panel,79,96,65,Selected,Video
INT00139,APP00126,Interview 1,2026-03-02,Technical Panel,89,98,76,Rejected,Phone
INT00140,APP00126,Interview 2,2026-03-08,Technical Panel,65,76,68,Rejected,In-person
INT00141,APP00128,Interview 1,2026-06-24,Hiring Manager,50,72,98,Selected,Phone
INT00142,APP00129,Interview 1,2026-05-23,Business Panel,67,65,90,Rejected,Video
INT00143,APP00130,Interview 1,2026-01-30,Business Panel,93,55,82,Rejected,Phone
INT00144,APP00130,Interview 2,2026-02-07,Business Panel,67,86,78,Selected,Phone
INT00145,APP00131,Interview 1,2026-04-07,TA Panel,65,65,76,Selected,In-person
INT00146,APP00131,Interview 2,2026-04-09,Business Panel,80,56,92,Selected,Phone
INT00147,APP00132,Interview 1,2026-01-31,Hiring Manager,70,63,58,Hold,In-person
INT00148,APP00136,Interview 1,2026-03-06,Business Panel,59,74,93,Selected,In-person
INT00149,APP00136,Interview 2,2026-03-10,TA Panel,53,87,90,Selected,Video
INT00150,APP00137,Interview 1,2026-06-14,TA Panel,50,84,94,Rejected,Video
INT00151,APP00137,Interview 2,2026-06-22,Hiring Manager,63,78,55,Selected,Video
INT00152,APP00139,Interview 1,2026-04-06,Hiring Manager,74,76,68,Selected,In-person
INT00153,APP00139,Interview 2,2026-04-13,TA Panel,92,88,94,Selected,In-person
INT00154,APP00141,Interview 1,2026-05-26,Technical Panel,98,86,88,Selected,In-person
INT00155,APP00141,Interview 2,2026-06-04,Business Panel,95,85,72,Selected,Phone
INT00156,APP00142,Interview 1,2026-03-30,Business Panel,68,88,77,Selected,Video
INT00157,APP00142,Interview 2,2026-04-06,Business Panel,77,84,82,Selected,In-person
INT00158,APP00143,Interview 1,2026-03-30,Technical Panel,52,67,98,Rejected,In-person
INT00159,APP00143,Interview 2,2026-04-04,TA Panel,95,89,71,Rejected,Video
INT00160,APP00144,Interview 1,2026-05-20,Business Panel,83,84,76,Rejected,Video
INT00161,APP00144,Interview 2,2026-05-28,Hiring Manager,63,78,63,Selected,Phone
INT00162,APP00145,Interview 1,2026-04-26,Technical Panel,59,91,95,Hold,Phone
INT00163,APP00146,Interview 1,2026-05-27,Hiring Manager,93,93,86,Rejected,Video
INT00164,APP00146,Interview 2,2026-06-04,Technical Panel,68,97,88,Selected,Video
INT00165,APP00153,Interview 1,2026-04-22,Business Panel,92,86,84,Selected,Video
INT00166,APP00153,Interview 2,2026-05-01,Business Panel,58,72,65,Selected,Video
INT00167,APP00154,Interview 1,2026-02-22,Hiring Manager,94,93,55,Selected,Video
INT00168,APP00154,Interview 2,2026-03-01,Hiring Manager,65,81,56,Selected,Video
INT00169,APP00155,Interview 1,2026-01-31,Technical Panel,64,75,66,Selected,Video
INT00170,APP00157,Interview 1,2026-03-21,Technical Panel,90,97,85,Rejected,Video
INT00171,APP00158,Interview 1,2026-05-28,TA Panel,98,94,60,Selected,Video
INT00172,APP00158,Interview 2,2026-06-03,TA Panel,62,79,68,Selected,Phone
INT00173,APP00159,Interview 1,2026-06-27,TA Panel,92,98,69,Selected,Phone
INT00174,APP00159,Interview 2,2026-07-01,Hiring Manager,78,59,86,Selected,Video
INT00175,APP00163,Interview 1,2026-03-28,Hiring Manager,50,87,78,Selected,In-person
INT00176,APP00163,Interview 2,2026-04-04,Business Panel,74,74,96,Selected,Phone
INT00177,APP00164,Interview 1,2026-06-30,Hiring Manager,90,97,96,Rejected,Video
INT00178,APP00164,Interview 2,2026-07-04,TA Panel,66,55,62,Selected,Video
INT00179,APP00166,Interview 1,2026-02-20,Business Panel,54,88,81,Rejected,Phone
INT00180,APP00168,Interview 1,2026-05-02,TA Panel,54,85,86,Selected,Phone
INT00181,APP00169,Interview 1,2026-02-18,Business Panel,98,76,78,Selected,Phone
INT00182,APP00169,Interview 2,2026-02-25,Hiring Manager,92,77,76,Selected,Video
INT00183,APP00171,Interview 1,2026-01-25,Business Panel,72,97,61,Selected,Phone
INT00184,APP00172,Interview 1,2026-02-18,TA Panel,80,70,68,Rejected,Video
INT00185,APP00172,Interview 2,2026-02-20,Technical Panel,60,79,72,Hold,Video
INT00186,APP00174,Interview 1,2026-02-13,Hiring Manager,70,74,58,Hold,Phone
INT00187,APP00174,Interview 2,2026-02-21,TA Panel,70,88,97,Rejected,Phone
INT00188,APP00176,Interview 1,2026-04-13,Technical Panel,53,64,68,Hold,Phone
INT00189,APP00176,Interview 2,2026-04-17,Technical Panel,81,97,65,Rejected,Video
INT00190,APP00178,Interview 1,2026-05-08,Hiring Manager,96,98,64,Selected,In-person
INT00191,APP00178,Interview 2,2026-05-10,Technical Panel,56,85,66,Selected,Video
INT00192,APP00179,Interview 1,2026-05-26,Business Panel,67,78,55,Rejected,Video
INT00193,APP00179,Interview 2,2026-06-04,TA Panel,91,56,92,Rejected,Phone
INT00194,APP00180,Interview 1,2026-02-14,Hiring Manager,54,68,97,Rejected,Video
INT00195,APP00182,Interview 1,2026-04-23,Technical Panel,86,88,77,Rejected,Phone
INT00196,APP00183,Interview 1,2026-01-27,Hiring Manager,96,90,71,Rejected,In-person
INT00197,APP00183,Interview 2,2026-02-04,Technical Panel,79,98,82,Selected,Phone
INT00198,APP00185,Interview 1,2026-01-28,TA Panel,74,79,61,Hold,Video
INT00199,APP00185,Interview 2,2026-02-06,Technical Panel,56,90,72,Rejected,Phone
INT00200,APP00186,Interview 1,2026-05-29,Technical Panel,74,58,95,Rejected,In-person
INT00201,APP00187,Interview 1,2026-04-15,Business Panel,69,75,60,Selected,Phone
INT00202,APP00187,Interview 2,2026-04-18,Hiring Manager,60,60,73,Selected,Phone
INT00203,APP00188,Interview 1,2026-01-18,TA Panel,88,98,88,Selected,Video
INT00204,APP00194,Interview 1,2026-04-25,TA Panel,52,97,67,Selected,In-person
INT00205,APP00194,Interview 2,2026-05-04,Business Panel,85,98,63,Selected,In-person
INT00206,APP00195,Interview 1,2026-03-23,TA Panel,55,94,64,Rejected,Phone
INT00207,APP00196,Interview 1,2026-05-04,Hiring Manager,57,72,67,Selected,Video
INT00208,APP00199,Interview 1,2026-04-04,Hiring Manager,57,97,55,Selected,Phone
INT00209,APP00199,Interview 2,2026-04-11,Technical Panel,97,92,88,Selected,Phone
INT00210,APP00200,Interview 1,2026-03-11,TA Panel,84,57,63,Selected,Video
INT00211,APP00200,Interview 2,2026-03-18,Business Panel,73,95,62,Selected,In-person
INT00212,APP00201,Interview 1,2026-03-15,TA Panel,75,66,55,Rejected,Video
INT00213,APP00201,Interview 2,2026-03-17,Technical Panel,82,74,69,Rejected,In-person
INT00214,APP00202,Interview 1,2026-03-29,Technical Panel,50,75,60,Rejected,Phone
INT00215,APP00202,Interview 2,2026-04-06,Hiring Manager,89,95,55,Selected,In-person
INT00216,APP00203,Interview 1,2026-04-26,Business Panel,63,64,83,Rejected,Video
INT00217,APP00204,Interview 1,2026-02-28,TA Panel,69,66,80,Selected,Phone
INT00218,APP00204,Interview 2,2026-03-04,Business Panel,54,70,84,Selected,Phone
INT00219,APP00205,Interview 1,2026-02-15,Hiring Manager,95,67,63,Selected,In-person
INT00220,APP00205,Interview 2,2026-02-21,Business Panel,71,64,70,Selected,Video
INT00221,APP00208,Interview 1,2026-03-06,Technical Panel,56,86,97,Selected,In-person
INT00222,APP00208,Interview 2,2026-03-08,TA Panel,59,75,64,Selected,In-person
INT00223,APP00209,Interview 1,2026-02-18,Business Panel,74,89,89,Selected,In-person
INT00224,APP00209,Interview 2,2026-02-26,Business Panel,55,88,91,Rejected,Phone
INT00225,APP00210,Interview 1,2026-02-02,Hiring Manager,63,63,62,Hold,Phone
INT00226,APP00210,Interview 2,2026-02-10,Hiring Manager,73,97,92,Selected,Video
INT00227,APP00212,Interview 1,2026-06-25,Business Panel,75,98,84,Selected,Phone
INT00228,APP00212,Interview 2,2026-07-01,TA Panel,95,82,65,Selected,In-person
INT00229,APP00213,Interview 1,2026-05-19,Technical Panel,56,93,76,Selected,Video
INT00230,APP00214,Interview 1,2026-06-16,Hiring Manager,86,91,85,Selected,Video
INT00231,APP00214,Interview 2,2026-06-22,Technical Panel,50,73,80,Selected,Phone
INT00232,APP00215,Interview 1,2026-01-22,TA Panel,95,98,96,Selected,Video
INT00233,APP00215,Interview 2,2026-01-29,Technical Panel,78,73,78,Rejected,Phone
INT00234,APP00216,Interview 1,2026-02-24,Technical Panel,79,65,73,Selected,Video
INT00235,APP00216,Interview 2,2026-03-03,Hiring Manager,72,59,66,Selected,Phone
INT00236,APP00218,Interview 1,2026-03-20,Technical Panel,56,79,65,Selected,Phone
INT00237,APP00218,Interview 2,2026-03-28,Hiring Manager,79,77,84,Selected,In-person
INT00238,APP00220,Interview 1,2026-05-25,Hiring Manager,63,98,82,Selected,In-person
INT00239,APP00220,Interview 2,2026-05-28,Business Panel,59,60,74,Selected,Phone
INT00240,APP00221,Interview 1,2026-03-07,TA Panel,50,59,97,Rejected,Phone
INT00241,APP00222,Interview 1,2026-05-13,Hiring Manager,90,57,68,Selected,Phone
INT00242,APP00222,Interview 2,2026-05-17,Technical Panel,88,68,67,Selected,Phone
INT00243,APP00224,Interview 1,2026-05-28,Business Panel,55,61,86,Rejected,Phone
INT00244,APP00225,Interview 1,2026-04-04,Business Panel,76,55,78,Hold,Video
INT00245,APP00226,Interview 1,2026-03-21,Business Panel,86,70,90,Selected,In-person
INT00246,APP00226,Interview 2,2026-03-23,Business Panel,86,63,95,Selected,In-person
INT00247,APP00227,Interview 1,2026-06-23,TA Panel,50,56,94,Selected,Phone
INT00248,APP00227,Interview 2,2026-07-01,TA Panel,51,84,95,Selected,Phone
INT00249,APP00228,Interview 1,2026-03-27,TA Panel,56,73,71,Selected,Video
INT00250,APP00228,Interview 2,2026-04-03,Business Panel,63,61,86,Selected,Video
INT00251,APP00229,Interview 1,2026-04-05,Technical Panel,60,62,67,Rejected,Phone
INT00252,APP00230,Interview 1,2026-04-20,Hiring Manager,80,77,90,Selected,Phone
INT00253,APP00232,Interview 1,2026-05-14,Business Panel,90,65,57,Hold,Phone
INT00254,APP00234,Interview 1,2026-04-06,Technical Panel,74,93,68,Selected,Phone
INT00255,APP00234,Interview 2,2026-04-12,Hiring Manager,95,91,96,Selected,In-person
INT00256,APP00237,Interview 1,2026-04-20,Hiring Manager,73,56,69,Hold,Video
INT00257,APP00237,Interview 2,2026-04-27,TA Panel,94,65,60,Rejected,Video
INT00258,APP00238,Interview 1,2026-02-12,TA Panel,87,75,64,Rejected,Phone
INT00259,APP00238,Interview 2,2026-02-15,Business Panel,83,97,86,Rejected,In-person
INT00260,APP00239,Interview 1,2026-02-07,Business Panel,50,79,67,Rejected,In-person
INT00261,APP00241,Interview 1,2026-04-29,Hiring Manager,56,70,56,Selected,In-person
INT00262,APP00241,Interview 2,2026-05-08,Business Panel,92,77,71,Selected,Video
INT00263,APP00242,Interview 1,2026-03-29,Business Panel,83,61,98,Rejected,Video
INT00264,APP00242,Interview 2,2026-04-01,Technical Panel,53,70,59,Hold,Phone
INT00265,APP00245,Interview 1,2026-04-08,TA Panel,54,98,55,Selected,Phone
INT00266,APP00245,Interview 2,2026-04-10,TA Panel,81,85,62,Selected,Video
INT00267,APP00250,Interview 1,2026-06-21,Technical Panel,79,94,90,Rejected,Phone
INT00268,APP00250,Interview 2,2026-06-27,Hiring Manager,54,84,57,Rejected,Video
INT00269,APP00251,Interview 1,2026-05-04,TA Panel,59,82,92,Selected,Video
INT00270,APP00251,Interview 2,2026-05-13,TA Panel,72,98,95,Selected,In-person
INT00271,APP00252,Interview 1,2026-03-14,Business Panel,77,75,87,Selected,Phone
INT00272,APP00252,Interview 2,2026-03-22,Business Panel,79,84,56,Selected,Phone
INT00273,APP00253,Interview 1,2026-03-24,Business Panel,92,58,60,Selected,Video
INT00274,APP00253,Interview 2,2026-03-31,Technical Panel,88,91,85,Selected,Phone
INT00275,APP00255,Interview 1,2026-06-22,Business Panel,56,56,87,Selected,In-person
INT00276,APP00255,Interview 2,2026-06-28,Business Panel,75,66,70,Selected,Phone
INT00277,APP00256,Interview 1,2026-05-24,Hiring Manager,94,84,81,Selected,In-person
INT00278,APP00256,Interview 2,2026-06-02,Business Panel,57,55,92,Selected,In-person
INT00279,APP00258,Interview 1,2026-05-18,Business Panel,74,93,97,Selected,Video
INT00280,APP00258,Interview 2,2026-05-24,Technical Panel,58,92,92,Selected,In-person
INT00281,APP00259,Interview 1,2026-05-22,Technical Panel,54,62,57,Selected,Phone
INT00282,APP00259,Interview 2,2026-05-24,Business Panel,61,79,63,Selected,Phone
INT00283,APP00263,Interview 1,2026-02-16,Technical Panel,68,79,77,Selected,Video
INT00284,APP00263,Interview 2,2026-02-21,Technical Panel,83,80,94,Selected,Video
INT00285,APP00264,Interview 1,2026-02-02,Hiring Manager,86,77,59,Hold,In-person
INT00286,APP00264,Interview 2,2026-02-05,TA Panel,85,72,57,Rejected,Video
INT00287,APP00267,Interview 1,2026-01-24,Hiring Manager,53,58,63,Selected,In-person
INT00288,APP00267,Interview 2,2026-01-31,TA Panel,72,73,63,Selected,Phone
INT00289,APP00268,Interview 1,2026-03-31,Business Panel,72,72,60,Hold,Video
INT00290,APP00269,Interview 1,2026-04-20,Hiring Manager,81,72,72,Selected,Phone
INT00291,APP00269,Interview 2,2026-04-22,Business Panel,67,86,56,Selected,In-person
INT00292,APP00270,Interview 1,2026-06-02,Business Panel,96,82,58,Hold,Video
INT00293,APP00271,Interview 1,2026-06-08,Hiring Manager,93,70,89,Hold,In-person
INT00294,APP00271,Interview 2,2026-06-10,Technical Panel,89,97,71,Selected,Phone
INT00295,APP00272,Interview 1,2026-05-16,Technical Panel,54,72,71,Selected,In-person
INT00296,APP00273,Interview 1,2026-06-30,Technical Panel,66,89,57,Selected,Phone
INT00297,APP00274,Interview 1,2026-05-29,Technical Panel,51,76,81,Selected,Phone
INT00298,APP00274,Interview 2,2026-05-31,Technical Panel,60,64,92,Selected,Video
INT00299,APP00277,Interview 1,2026-03-12,Hiring Manager,97,70,83,Selected,Phone
INT00300,APP00277,Interview 2,2026-03-19,Hiring Manager,85,78,96,Selected,In-person
INT00301,APP00279,Interview 1,2026-05-06,TA Panel,77,59,63,Selected,Phone
INT00302,APP00279,Interview 2,2026-05-13,TA Panel,58,73,62,Selected,In-person
INT00303,APP00280,Interview 1,2026-04-18,Hiring Manager,96,64,55,Rejected,Phone
INT00304,APP00282,Interview 1,2026-03-03,Hiring Manager,72,73,72,Selected,In-person
INT00305,APP00282,Interview 2,2026-03-09,Hiring Manager,66,69,97,Hold,In-person
INT00306,APP00286,Interview 1,2026-05-15,Hiring Manager,62,95,95,Hold,Video
INT00307,APP00288,Interview 1,2026-03-06,Business Panel,64,86,95,Hold,In-person
INT00308,APP00291,Interview 1,2026-05-07,TA Panel,53,76,95,Selected,Video
INT00309,APP00291,Interview 2,2026-05-12,TA Panel,86,95,62,Hold,Phone
INT00310,APP00292,Interview 1,2026-04-22,TA Panel,84,89,80,Selected,Phone
INT00311,APP00293,Interview 1,2026-03-17,TA Panel,52,73,74,Selected,Video
INT00312,APP00293,Interview 2,2026-03-19,Hiring Manager,67,79,96,Selected,In-person
INT00313,APP00294,Interview 1,2026-06-09,Technical Panel,82,72,84,Rejected,Video
INT00314,APP00294,Interview 2,2026-06-18,Hiring Manager,74,69,81,Selected,Phone
INT00315,APP00297,Interview 1,2026-02-08,Technical Panel,76,64,57,Selected,In-person
INT00316,APP00298,Interview 1,2026-06-08,Business Panel,77,63,55,Rejected,Video
INT00317,APP00300,Interview 1,2026-03-31,Technical Panel,83,88,93,Rejected,In-person
INT00318,APP00300,Interview 2,2026-04-07,TA Panel,97,65,88,Rejected,Phone
INT00319,APP00303,Interview 1,2026-04-19,Hiring Manager,61,63,88,Selected,Phone
INT00320,APP00307,Interview 1,2026-06-06,Business Panel,73,97,77,Selected,Phone
INT00321,APP00307,Interview 2,2026-06-11,Technical Panel,74,66,55,Selected,Video
INT00322,APP00311,Interview 1,2026-06-07,Business Panel,83,81,97,Selected,Phone
INT00323,APP00312,Interview 1,2026-02-05,Technical Panel,85,84,91,Selected,Phone
INT00324,APP00313,Interview 1,2026-02-11,Technical Panel,96,98,96,Hold,Video
INT00325,APP00315,Interview 1,2026-06-12,Business Panel,84,77,96,Rejected,Phone
INT00326,APP00315,Interview 2,2026-06-18,TA Panel,55,71,68,Rejected,In-person
INT00327,APP00316,Interview 1,2026-05-12,Technical Panel,60,76,96,Selected,Video
INT00328,APP00316,Interview 2,2026-05-16,Hiring Manager,79,83,94,Rejected,In-person
INT00329,APP00318,Interview 1,2026-06-14,Hiring Manager,92,60,74,Selected,Video
INT00330,APP00318,Interview 2,2026-06-18,TA Panel,79,67,66,Selected,In-person
INT00331,APP00320,Interview 1,2026-05-20,Business Panel,70,93,80,Hold,Phone
INT00332,APP00321,Interview 1,2026-03-20,Technical Panel,62,82,60,Selected,In-person
INT00333,APP00322,Interview 1,2026-04-25,Hiring Manager,72,96,80,Rejected,Video
INT00334,APP00322,Interview 2,2026-05-03,Business Panel,93,96,97,Rejected,In-person
INT00335,APP00324,Interview 1,2026-05-13,Hiring Manager,71,89,72,Rejected,Video
INT00336,APP00324,Interview 2,2026-05-15,Hiring Manager,78,93,62,Selected,In-person
INT00337,APP00325,Interview 1,2026-04-13,Technical Panel,70,57,64,Selected,Phone
INT00338,APP00325,Interview 2,2026-04-16,Technical Panel,71,82,80,Selected,Video
INT00339,APP00327,Interview 1,2026-03-26,Technical Panel,64,69,59,Selected,Phone
INT00340,APP00328,Interview 1,2026-07-02,Business Panel,79,68,89,Hold,Phone
INT00341,APP00329,Interview 1,2026-06-30,Technical Panel,98,83,98,Selected,In-person
INT00342,APP00329,Interview 2,2026-07-04,Technical Panel,89,91,82,Selected,In-person
INT00343,APP00330,Interview 1,2026-03-20,Technical Panel,98,75,78,Selected,Phone
INT00344,APP00331,Interview 1,2026-03-15,Business Panel,84,96,66,Hold,Phone
INT00345,APP00332,Interview 1,2026-03-07,TA Panel,89,65,91,Selected,Phone
INT00346,APP00332,Interview 2,2026-03-14,Business Panel,51,90,87,Selected,Video
INT00347,APP00333,Interview 1,2026-02-04,Technical Panel,82,65,70,Rejected,In-person
INT00348,APP00335,Interview 1,2026-01-24,Hiring Manager,98,65,78,Hold,In-person
INT00349,APP00336,Interview 1,2026-02-13,Business Panel,94,71,91,Selected,In-person
INT00350,APP00338,Interview 1,2026-02-14,Business Panel,66,85,94,Selected,Video
INT00351,APP00339,Interview 1,2026-04-26,Hiring Manager,92,76,69,Selected,In-person
INT00352,APP00339,Interview 2,2026-05-02,Hiring Manager,88,96,67,Selected,In-person
INT00353,APP00340,Interview 1,2026-05-29,TA Panel,66,96,70,Rejected,Video
INT00354,APP00341,Interview 1,2026-02-05,Business Panel,65,84,61,Rejected,Phone
INT00355,APP00341,Interview 2,2026-02-10,Hiring Manager,80,85,67,Selected,Video
INT00356,APP00345,Interview 1,2026-04-01,Technical Panel,69,88,85,Rejected,Video
INT00357,APP00345,Interview 2,2026-04-05,Business Panel,70,65,65,Selected,Phone
INT00358,APP00347,Interview 1,2026-05-08,Technical Panel,79,56,67,Selected,Video
INT00359,APP00347,Interview 2,2026-05-10,Business Panel,70,79,75,Selected,Phone
INT00360,APP00348,Interview 1,2026-01-25,Technical Panel,53,89,78,Rejected,In-person
INT00361,APP00349,Interview 1,2026-02-22,Hiring Manager,58,75,78,Rejected,In-person
INT00362,APP00351,Interview 1,2026-06-03,Hiring Manager,90,91,60,Selected,Phone
INT00363,APP00351,Interview 2,2026-06-06,TA Panel,86,59,98,Hold,In-person
INT00364,APP00353,Interview 1,2026-05-30,Hiring Manager,63,56,89,Selected,Phone
INT00365,APP00354,Interview 1,2026-03-14,Business Panel,58,62,79,Selected,Video
INT00366,APP00354,Interview 2,2026-03-22,Business Panel,53,83,80,Selected,Video
INT00367,APP00355,Interview 1,2026-03-10,Hiring Manager,80,84,56,Selected,Video
INT00368,APP00357,Interview 1,2026-02-19,TA Panel,88,97,73,Selected,In-person
INT00369,APP00357,Interview 2,2026-02-27,TA Panel,61,88,64,Selected,Phone
INT00370,APP00359,Interview 1,2026-03-08,Hiring Manager,84,74,85,Selected,In-person
INT00371,APP00359,Interview 2,2026-03-15,Hiring Manager,89,85,86,Rejected,Phone
INT00372,APP00360,Interview 1,2026-04-05,Technical Panel,92,63,75,Selected,In-person
INT00373,APP00360,Interview 2,2026-04-07,Business Panel,97,95,58,Selected,Video
INT00374,APP00362,Interview 1,2026-04-13,Business Panel,54,96,56,Rejected,Phone
INT00375,APP00362,Interview 2,2026-04-22,Technical Panel,57,63,77,Selected,In-person
INT00376,APP00364,Interview 1,2026-06-02,Business Panel,67,73,79,Selected,Phone
INT00377,APP00365,Interview 1,2026-02-03,TA Panel,59,70,80,Rejected,Video
INT00378,APP00365,Interview 2,2026-02-08,Hiring Manager,65,69,72,Hold,Video
INT00379,APP00366,Interview 1,2026-02-23,Business Panel,92,74,62,Selected,Phone
INT00380,APP00366,Interview 2,2026-02-26,Technical Panel,98,72,57,Selected,In-person
INT00381,APP00368,Interview 1,2026-03-26,TA Panel,65,92,82,Rejected,Phone
INT00382,APP00368,Interview 2,2026-04-03,Business Panel,88,57,93,Rejected,Video
INT00383,APP00369,Interview 1,2026-04-28,Hiring Manager,86,80,95,Hold,Phone
INT00384,APP00369,Interview 2,2026-05-03,Technical Panel,86,61,73,Selected,In-person
INT00385,APP00371,Interview 1,2026-06-11,TA Panel,72,75,74,Rejected,Video
INT00386,APP00371,Interview 2,2026-06-18,TA Panel,89,79,67,Rejected,In-person
INT00387,APP00372,Interview 1,2026-05-21,Business Panel,55,71,64,Rejected,Phone
INT00388,APP00373,Interview 1,2026-04-01,TA Panel,51,70,69,Rejected,In-person
INT00389,APP00376,Interview 1,2026-02-11,Hiring Manager,79,84,94,Selected,In-person
INT00390,APP00377,Interview 1,2026-06-08,Business Panel,96,82,63,Selected,In-person
INT00391,APP00379,Interview 1,2026-04-16,TA Panel,88,66,56,Selected,Phone
INT00392,APP00379,Interview 2,2026-04-23,Hiring Manager,55,80,91,Selected,Phone
INT00393,APP00380,Interview 1,2026-05-27,Technical Panel,98,56,93,Selected,Video
INT00394,APP00380,Interview 2,2026-05-30,Hiring Manager,60,55,75,Selected,In-person
INT00395,APP00381,Interview 1,2026-03-05,TA Panel,78,87,64,Rejected,In-person
INT00396,APP00381,Interview 2,2026-03-08,Hiring Manager,69,77,98,Hold,Video
INT00397,APP00382,Interview 1,2026-05-14,Hiring Manager,75,77,58,Selected,In-person
INT00398,APP00382,Interview 2,2026-05-17,Technical Panel,92,88,91,Selected,Phone
INT00399,APP00384,Interview 1,2026-03-01,Business Panel,53,67,77,Hold,Phone
INT00400,APP00384,Interview 2,2026-03-05,Hiring Manager,82,68,61,Selected,In-person
INT00401,APP00388,Interview 1,2026-06-14,TA Panel,57,86,59,Selected,Video
INT00402,APP00388,Interview 2,2026-06-20,Business Panel,93,73,89,Selected,In-person
INT00403,APP00392,Interview 1,2026-05-24,Technical Panel,65,90,65,Selected,Video
INT00404,APP00392,Interview 2,2026-05-27,Hiring Manager,93,81,88,Selected,Phone
INT00405,APP00395,Interview 1,2026-04-14,Business Panel,90,71,65,Rejected,In-person
INT00406,APP00395,Interview 2,2026-04-18,TA Panel,52,80,63,Rejected,Phone
INT00407,APP00396,Interview 1,2026-05-09,TA Panel,95,97,94,Selected,In-person
INT00408,APP00396,Interview 2,2026-05-16,Business Panel,91,64,85,Selected,Video
INT00409,APP00397,Interview 1,2026-03-06,TA Panel,86,64,81,Selected,In-person
INT00410,APP00397,Interview 2,2026-03-15,Hiring Manager,70,98,61,Selected,Video
INT00411,APP00398,Interview 1,2026-04-06,TA Panel,69,64,65,Selected,In-person
INT00412,APP00399,Interview 1,2026-03-22,Business Panel,74,65,56,Rejected,Phone
INT00413,APP00400,Interview 1,2026-05-20,TA Panel,93,62,97,Selected,Video
INT00414,APP00400,Interview 2,2026-05-27,Business Panel,88,56,94,Hold,Phone
INT00415,APP00401,Interview 1,2026-01-31,Hiring Manager,92,76,90,Selected,Video
INT00416,APP00401,Interview 2,2026-02-02,Business Panel,69,67,85,Selected,In-person
INT00417,APP00403,Interview 1,2026-02-13,Hiring Manager,50,76,94,Selected,Video
INT00418,APP00403,Interview 2,2026-02-20,Hiring Manager,92,94,62,Selected,Video
INT00419,APP00404,Interview 1,2026-02-09,Hiring Manager,96,83,66,Rejected,Phone
INT00420,APP00405,Interview 1,2026-06-04,Business Panel,60,95,92,Selected,In-person
INT00421,APP00405,Interview 2,2026-06-10,Business Panel,63,71,77,Selected,Phone
INT00422,APP00406,Interview 1,2026-02-06,Business Panel,96,77,85,Hold,In-person
INT00423,APP00406,Interview 2,2026-02-13,TA Panel,84,69,92,Hold,Video
INT00424,APP00407,Interview 1,2026-02-25,TA Panel,50,64,92,Selected,Video
INT00425,APP00407,Interview 2,2026-03-05,Technical Panel,80,67,56,Selected,In-person
INT00426,APP00408,Interview 1,2026-03-02,Business Panel,54,93,73,Hold,Video
INT00427,APP00408,Interview 2,2026-03-07,Technical Panel,76,95,65,Rejected,In-person
INT00428,APP00409,Interview 1,2026-06-15,Technical Panel,67,67,63,Rejected,In-person
INT00429,APP00412,Interview 1,2026-02-04,Business Panel,70,75,93,Selected,Phone
INT00430,APP00412,Interview 2,2026-02-07,Hiring Manager,68,67,88,Selected,Phone
INT00431,APP00414,Interview 1,2026-03-04,Business Panel,85,78,64,Selected,In-person
INT00432,APP00414,Interview 2,2026-03-12,Technical Panel,91,80,66,Selected,In-person
INT00433,APP00415,Interview 1,2026-02-08,Business Panel,55,76,59,Selected,In-person
INT00434,APP00415,Interview 2,2026-02-16,Business Panel,91,64,90,Selected,Video
INT00435,APP00416,Interview 1,2026-06-29,Business Panel,70,95,97,Selected,In-person
INT00436,APP00416,Interview 2,2026-07-08,Business Panel,51,90,59,Selected,Video
INT00437,APP00417,Interview 1,2026-05-30,Business Panel,82,65,67,Selected,Phone
INT00438,APP00417,Interview 2,2026-06-06,Business Panel,66,62,96,Selected,In-person
INT00439,APP00419,Interview 1,2026-03-21,TA Panel,79,86,85,Hold,Phone
INT00440,APP00422,Interview 1,2026-03-24,TA Panel,50,84,92,Selected,Phone
INT00441,APP00422,Interview 2,2026-03-26,Hiring Manager,94,64,68,Rejected,Video
INT00442,APP00425,Interview 1,2026-03-23,Technical Panel,73,90,89,Selected,Video
INT00443,APP00425,Interview 2,2026-03-31,Business Panel,61,78,84,Selected,In-person
INT00444,APP00427,Interview 1,2026-06-09,Hiring Manager,83,91,55,Selected,In-person
INT00445,APP00427,Interview 2,2026-06-14,Technical Panel,93,86,62,Selected,In-person
INT00446,APP00429,Interview 1,2026-04-25,Hiring Manager,63,59,71,Selected,In-person
INT00447,APP00429,Interview 2,2026-05-03,Technical Panel,50,76,79,Rejected,In-person
INT00448,APP00430,Interview 1,2026-03-25,Business Panel,74,60,85,Selected,In-person
INT00449,APP00430,Interview 2,2026-03-30,Hiring Manager,96,84,79,Hold,Phone
INT00450,APP00431,Interview 1,2026-06-06,TA Panel,54,84,72,Selected,Phone
INT00451,APP00431,Interview 2,2026-06-08,Hiring Manager,66,88,86,Selected,Video
INT00452,APP00432,Interview 1,2026-05-16,Business Panel,64,69,83,Selected,Phone
INT00453,APP00432,Interview 2,2026-05-20,Hiring Manager,58,83,86,Rejected,In-person
INT00454,APP00434,Interview 1,2026-02-22,TA Panel,54,92,81,Hold,Video
INT00455,APP00436,Interview 1,2026-05-18,TA Panel,92,59,85,Selected,Phone
INT00456,APP00437,Interview 1,2026-03-23,Business Panel,75,93,69,Selected,Phone
INT00457,APP00437,Interview 2,2026-03-31,TA Panel,91,70,93,Selected,Phone
INT00458,APP00438,Interview 1,2026-04-04,TA Panel,82,85,76,Rejected,Video
INT00459,APP00438,Interview 2,2026-04-07,Technical Panel,66,73,93,Rejected,Phone
INT00460,APP00439,Interview 1,2026-04-17,Technical Panel,94,89,90,Selected,In-person
INT00461,APP00439,Interview 2,2026-04-21,Technical Panel,57,95,70,Rejected,Video
INT00462,APP00440,Interview 1,2026-05-31,Technical Panel,62,86,84,Selected,Phone
INT00463,APP00440,Interview 2,2026-06-08,Technical Panel,62,58,82,Selected,Phone
INT00464,APP00442,Interview 1,2026-04-15,Technical Panel,59,69,65,Selected,In-person
INT00465,APP00446,Interview 1,2026-05-11,Business Panel,63,72,70,Selected,Phone
INT00466,APP00450,Interview 1,2026-02-20,TA Panel,55,73,90,Rejected,In-person
INT00467,APP00451,Interview 1,2026-02-02,TA Panel,84,55,75,Hold,Video
INT00468,APP00456,Interview 1,2026-04-04,Technical Panel,91,80,70,Selected,Video
INT00469,APP00456,Interview 2,2026-04-10,Business Panel,81,84,84,Selected,In-person
INT00470,APP00457,Interview 1,2026-02-01,Technical Panel,80,67,74,Selected,Phone
INT00471,APP00457,Interview 2,2026-02-05,Technical Panel,97,58,56,Rejected,Phone
INT00472,APP00459,Interview 1,2026-06-12,TA Panel,59,67,60,Selected,Phone
INT00473,APP00459,Interview 2,2026-06-17,Hiring Manager,52,74,55,Selected,Video
INT00474,APP00463,Interview 1,2026-03-23,Technical Panel,94,81,80,Rejected,In-person
INT00475,APP00464,Interview 1,2026-02-07,Technical Panel,51,78,62,Selected,In-person
INT00476,APP00464,Interview 2,2026-02-15,TA Panel,87,80,82,Selected,Video
INT00477,APP00466,Interview 1,2026-02-13,Hiring Manager,69,92,60,Selected,Video
INT00478,APP00466,Interview 2,2026-02-17,Business Panel,75,61,72,Hold,Phone
INT00479,APP00467,Interview 1,2026-05-12,TA Panel,75,85,83,Hold,In-person
INT00480,APP00469,Interview 1,2026-03-05,Technical Panel,57,68,85,Hold,Phone
INT00481,APP00469,Interview 2,2026-03-13,Hiring Manager,62,57,71,Selected,In-person
INT00482,APP00470,Interview 1,2026-02-14,Business Panel,66,76,64,Selected,Video
INT00483,APP00471,Interview 1,2026-02-28,TA Panel,80,68,64,Rejected,In-person
INT00484,APP00472,Interview 1,2026-05-09,Technical Panel,68,56,81,Selected,Phone
INT00485,APP00472,Interview 2,2026-05-18,TA Panel,88,75,92,Selected,Video
INT00486,APP00476,Interview 1,2026-03-22,TA Panel,54,62,55,Selected,Video
INT00487,APP00476,Interview 2,2026-03-25,Business Panel,98,76,62,Selected,Phone
INT00488,APP00477,Interview 1,2026-02-25,TA Panel,59,85,95,Selected,In-person
INT00489,APP00478,Interview 1,2026-03-19,Technical Panel,74,67,57,Selected,Video
INT00490,APP00479,Interview 1,2026-06-26,Hiring Manager,88,92,63,Selected,In-person
INT00491,APP00479,Interview 2,2026-07-03,Hiring Manager,57,95,75,Selected,Video
INT00492,APP00480,Interview 1,2026-03-01,Technical Panel,51,75,66,Selected,Phone
INT00493,APP00480,Interview 2,2026-03-04,Technical Panel,73,76,75,Selected,Video
INT00494,APP00485,Interview 1,2026-05-11,Hiring Manager,65,81,71,Rejected,Phone
INT00495,APP00485,Interview 2,2026-05-14,Technical Panel,75,63,91,Rejected,Video
INT00496,APP00486,Interview 1,2026-01-22,Hiring Manager,94,76,68,Selected,In-person
INT00497,APP00488,Interview 1,2026-05-14,Business Panel,97,88,73,Selected,Video
INT00498,APP00488,Interview 2,2026-05-18,Technical Panel,68,66,82,Selected,Video
INT00499,APP00490,Interview 1,2026-02-14,Hiring Manager,54,70,73,Selected,In-person
INT00500,APP00490,Interview 2,2026-02-18,Business Panel,90,88,55,Selected,Video
INT00501,APP00491,Interview 1,2026-03-31,TA Panel,89,75,57,Selected,In-person
INT00502,APP00491,Interview 2,2026-04-07,Hiring Manager,81,59,61,Selected,Phone
INT00503,APP00493,Interview 1,2026-04-14,Technical Panel,94,89,65,Selected,Phone
INT00504,APP00493,Interview 2,2026-04-22,Hiring Manager,71,60,87,Selected,Phone
INT00505,APP00494,Interview 1,2026-01-18,TA Panel,62,63,73,Hold,In-person
INT00506,APP00495,Interview 1,2026-03-10,Technical Panel,74,57,89,Selected,Video
INT00507,APP00495,Interview 2,2026-03-14,Business Panel,63,61,82,Selected,Video
INT00508,APP00496,Interview 1,2026-05-15,TA Panel,70,56,67,Selected,In-person
INT00509,APP00497,Interview 1,2026-02-16,TA Panel,83,63,70,Selected,Video
INT00510,APP00497,Interview 2,2026-02-19,Hiring Manager,65,76,88,Rejected,Phone
INT00511,APP00498,Interview 1,2026-07-01,Technical Panel,60,56,57,Rejected,Video
INT00512,APP00500,Interview 1,2026-06-26,TA Panel,66,93,97,Selected,Phone
INT00513,APP00500,Interview 2,2026-07-05,Hiring Manager,83,64,66,Hold,In-person
INT00514,APP00501,Interview 1,2026-01-19,TA Panel,74,81,64,Rejected,In-person
INT00515,APP00502,Interview 1,2026-03-04,TA Panel,63,81,93,Selected,Phone
INT00516,APP00502,Interview 2,2026-03-11,TA Panel,51,63,59,Selected,Video
INT00517,APP00503,Interview 1,2026-06-28,Business Panel,83,72,70,Rejected,Video
INT00518,APP00504,Interview 1,2026-05-01,Technical Panel,69,60,84,Hold,Video
INT00519,APP00508,Interview 1,2026-07-01,Hiring Manager,87,80,69,Selected,Video
INT00520,APP00509,Interview 1,2026-02-20,Business Panel,58,96,75,Selected,Video
INT00521,APP00509,Interview 2,2026-02-23,Business Panel,55,75,79,Selected,Video
INT00522,APP00510,Interview 1,2026-04-16,Business Panel,80,71,73,Selected,Phone
INT00523,APP00510,Interview 2,2026-04-18,TA Panel,89,80,78,Selected,Phone
INT00524,APP00511,Interview 1,2026-02-14,TA Panel,60,68,93,Hold,Phone
INT00525,APP00512,Interview 1,2026-04-11,Technical Panel,73,70,86,Rejected,In-person
INT00526,APP00513,Interview 1,2026-05-10,Hiring Manager,75,56,79,Selected,Video
INT00527,APP00513,Interview 2,2026-05-15,TA Panel,56,68,71,Selected,In-person
INT00528,APP00515,Interview 1,2026-03-19,Hiring Manager,89,61,97,Rejected,In-person
INT00529,APP00515,Interview 2,2026-03-21,Hiring Manager,82,73,73,Selected,Phone
INT00530,APP00517,Interview 1,2026-05-29,TA Panel,82,66,67,Hold,Video
INT00531,APP00518,Interview 1,2026-06-09,Hiring Manager,79,96,83,Rejected,Video
INT00532,APP00519,Interview 1,2026-04-06,Business Panel,50,97,62,Hold,Video
INT00533,APP00521,Interview 1,2026-01-23,Hiring Manager,98,71,67,Selected,In-person
INT00534,APP00521,Interview 2,2026-01-28,Technical Panel,87,87,72,Selected,Phone
INT00535,APP00522,Interview 1,2026-04-25,Hiring Manager,51,79,88,Selected,Video
INT00536,APP00523,Interview 1,2026-04-07,Technical Panel,96,72,56,Selected,In-person
INT00537,APP00525,Interview 1,2026-04-25,TA Panel,54,67,84,Hold,Video
INT00538,APP00525,Interview 2,2026-05-02,TA Panel,95,77,80,Hold,Video
INT00539,APP00526,Interview 1,2026-01-23,Technical Panel,84,79,62,Rejected,Video
INT00540,APP00526,Interview 2,2026-01-29,Hiring Manager,69,65,92,Selected,In-person
INT00541,APP00527,Interview 1,2026-05-11,Business Panel,59,97,87,Hold,Video
INT00542,APP00529,Interview 1,2026-03-20,Business Panel,51,56,86,Selected,Phone
INT00543,APP00530,Interview 1,2026-01-27,Hiring Manager,74,97,65,Rejected,Video
INT00544,APP00530,Interview 2,2026-02-03,Business Panel,93,98,97,Selected,In-person
INT00545,APP00531,Interview 1,2026-04-13,Technical Panel,89,89,56,Rejected,Video
INT00546,APP00531,Interview 2,2026-04-15,TA Panel,88,97,89,Rejected,In-person
INT00547,APP00533,Interview 1,2026-06-04,Business Panel,67,59,94,Selected,Video
INT00548,APP00533,Interview 2,2026-06-13,TA Panel,74,94,91,Selected,In-person
INT00549,APP00534,Interview 1,2026-05-30,Business Panel,98,94,76,Hold,Phone
INT00550,APP00534,Interview 2,2026-06-01,Technical Panel,93,89,66,Selected,Phone
INT00551,APP00535,Interview 1,2026-05-16,TA Panel,64,89,91,Hold,Video
INT00552,APP00535,Interview 2,2026-05-22,Technical Panel,55,66,89,Rejected,In-person
INT00553,APP00539,Interview 1,2026-02-27,Technical Panel,75,73,84,Selected,Video
INT00554,APP00540,Interview 1,2026-06-26,Technical Panel,51,64,96,Hold,Video
INT00555,APP00540,Interview 2,2026-07-03,Hiring Manager,61,92,88,Rejected,In-person
INT00556,APP00541,Interview 1,2026-03-26,Business Panel,85,81,58,Hold,In-person
INT00557,APP00544,Interview 1,2026-01-23,Hiring Manager,70,68,55,Hold,In-person
INT00558,APP00545,Interview 1,2026-02-17,TA Panel,94,82,83,Hold,Phone
INT00559,APP00547,Interview 1,2026-02-15,Business Panel,53,55,60,Selected,Phone
INT00560,APP00547,Interview 2,2026-02-24,TA Panel,60,90,84,Selected,In-person
INT00561,APP00548,Interview 1,2026-05-17,Hiring Manager,70,87,97,Selected,Phone
INT00562,APP00549,Interview 1,2026-06-09,TA Panel,95,56,75,Rejected,Video
INT00563,APP00550,Interview 1,2026-02-08,TA Panel,70,91,89,Rejected,Video
INT00564,APP00552,Interview 1,2026-06-12,Hiring Manager,86,65,58,Selected,In-person
INT00565,APP00553,Interview 1,2026-03-10,Hiring Manager,75,90,67,Rejected,Video
INT00566,APP00555,Interview 1,2026-03-11,Technical Panel,67,70,79,Selected,Phone
INT00567,APP00555,Interview 2,2026-03-18,Business Panel,57,59,77,Selected,Video
INT00568,APP00557,Interview 1,2026-02-05,Business Panel,93,81,84,Hold,Phone
INT00569,APP00558,Interview 1,2026-04-23,Technical Panel,96,97,88,Selected,In-person
INT00570,APP00558,Interview 2,2026-04-28,Technical Panel,52,91,67,Selected,In-person
INT00571,APP00559,Interview 1,2026-02-27,Technical Panel,50,63,64,Selected,Phone
INT00572,APP00559,Interview 2,2026-03-01,TA Panel,87,78,77,Selected,Phone
INT00573,APP00562,Interview 1,2026-05-23,Hiring Manager,77,81,69,Selected,Video
INT00574,APP00562,Interview 2,2026-05-26,Technical Panel,71,71,65,Selected,Phone
INT00575,APP00565,Interview 1,2026-03-13,Hiring Manager,60,89,55,Selected,Phone
INT00576,APP00566,Interview 1,2026-02-14,TA Panel,53,76,60,Rejected,Video
INT00577,APP00571,Interview 1,2026-04-10,Business Panel,92,62,71,Selected,Video
INT00578,APP00571,Interview 2,2026-04-15,Hiring Manager,84,91,95,Selected,Phone
INT00579,APP00572,Interview 1,2026-06-28,Business Panel,91,92,83,Selected,Phone
INT00580,APP00573,Interview 1,2026-05-10,TA Panel,65,66,75,Selected,In-person
INT00581,APP00573,Interview 2,2026-05-16,Hiring Manager,87,94,83,Selected,Video
INT00582,APP00574,Interview 1,2026-05-30,Hiring Manager,84,70,78,Hold,Phone
INT00583,APP00578,Interview 1,2026-04-09,Hiring Manager,98,65,87,Rejected,In-person
INT00584,APP00578,Interview 2,2026-04-17,TA Panel,85,84,80,Hold,Phone
INT00585,APP00579,Interview 1,2026-03-19,TA Panel,85,86,73,Rejected,Phone
INT00586,APP00579,Interview 2,2026-03-26,Hiring Manager,96,84,92,Selected,Phone
INT00587,APP00584,Interview 1,2026-02-05,Business Panel,56,81,55,Selected,In-person
INT00588,APP00585,Interview 1,2026-05-02,Hiring Manager,66,94,61,Selected,In-person
INT00589,APP00585,Interview 2,2026-05-07,Technical Panel,94,72,56,Selected,Phone
INT00590,APP00586,Interview 1,2026-06-02,Business Panel,55,72,81,Selected,Phone
INT00591,APP00586,Interview 2,2026-06-06,Business Panel,75,71,89,Selected,In-person
INT00592,APP00587,Interview 1,2026-02-03,Technical Panel,93,70,79,Rejected,Phone
INT00593,APP00587,Interview 2,2026-02-06,Hiring Manager,80,69,93,Selected,Phone
INT00594,APP00591,Interview 1,2026-04-13,Technical Panel,58,71,80,Selected,In-person
INT00595,APP00591,Interview 2,2026-04-21,Hiring Manager,71,61,80,Rejected,Phone
INT00596,APP00594,Interview 1,2026-02-09,Technical Panel,86,83,55,Rejected,In-person
INT00597,APP00594,Interview 2,2026-02-15,Business Panel,60,59,64,Rejected,Phone
INT00598,APP00595,Interview 1,2026-04-16,TA Panel,82,62,97,Selected,Phone
INT00599,APP00596,Interview 1,2026-01-29,TA Panel,54,64,83,Selected,In-person
INT00600,APP00596,Interview 2,2026-02-01,Business Panel,78,68,70,Selected,Phone
INT00601,APP00597,Interview 1,2026-06-05,Technical Panel,65,76,95,Hold,Video
INT00602,APP00597,Interview 2,2026-06-10,TA Panel,70,72,94,Rejected,Video
INT00603,APP00599,Interview 1,2026-03-25,Hiring Manager,78,55,96,Rejected,Phone
INT00604,APP00599,Interview 2,2026-03-28,Technical Panel,59,89,79,Rejected,Phone
INT00605,APP00600,Interview 1,2026-06-22,Hiring Manager,66,60,93,Selected,Phone
INT00606,APP00601,Interview 1,2026-06-02,Business Panel,91,56,80,Selected,Video
INT00607,APP00601,Interview 2,2026-06-04,TA Panel,95,65,64,Selected,Video
INT00608,APP00602,Interview 1,2026-05-12,Hiring Manager,50,73,67,Selected,In-person
INT00609,APP00602,Interview 2,2026-05-14,TA Panel,96,90,73,Selected,In-person
INT00610,APP00603,Interview 1,2026-03-31,Business Panel,79,66,55,Hold,In-person
INT00611,APP00603,Interview 2,2026-04-08,Technical Panel,78,56,57,Hold,In-person
INT00612,APP00606,Interview 1,2026-05-08,Business Panel,88,55,88,Selected,Video
INT00613,APP00606,Interview 2,2026-05-11,Business Panel,80,94,59,Selected,In-person
INT00614,APP00607,Interview 1,2026-06-22,Hiring Manager,74,74,60,Selected,Phone
INT00615,APP00607,Interview 2,2026-06-26,Business Panel,54,78,76,Selected,Phone
INT00616,APP00608,Interview 1,2026-04-22,Business Panel,88,63,82,Selected,In-person
INT00617,APP00608,Interview 2,2026-05-01,Hiring Manager,71,83,58,Selected,Phone
INT00618,APP00609,Interview 1,2026-02-01,Hiring Manager,50,58,59,Selected,Phone
INT00619,APP00609,Interview 2,2026-02-09,Hiring Manager,67,84,65,Selected,Video
INT00620,APP00611,Interview 1,2026-04-21,Technical Panel,55,55,94,Selected,Video
INT00621,APP00611,Interview 2,2026-04-28,Hiring Manager,61,78,69,Selected,In-person
INT00622,APP00613,Interview 1,2026-06-15,Technical Panel,76,63,93,Selected,In-person
INT00623,APP00613,Interview 2,2026-06-23,Hiring Manager,96,94,87,Selected,Video
INT00624,APP00614,Interview 1,2026-04-22,TA Panel,66,76,64,Rejected,In-person
INT00625,APP00618,Interview 1,2026-04-21,Technical Panel,52,56,97,Rejected,Phone
INT00626,APP00622,Interview 1,2026-02-20,Hiring Manager,52,86,61,Selected,In-person
INT00627,APP00622,Interview 2,2026-02-22,Technical Panel,72,96,56,Rejected,Video
INT00628,APP00623,Interview 1,2026-03-30,Technical Panel,77,59,59,Selected,Phone
INT00629,APP00625,Interview 1,2026-01-22,Business Panel,84,85,71,Selected,Video
INT00630,APP00626,Interview 1,2026-06-14,TA Panel,79,76,75,Selected,Video
INT00631,APP00626,Interview 2,2026-06-16,Business Panel,54,75,71,Rejected,Video
INT00632,APP00628,Interview 1,2026-04-13,Business Panel,57,83,69,Selected,Video
INT00633,APP00629,Interview 1,2026-06-12,TA Panel,60,70,81,Selected,Phone
INT00634,APP00629,Interview 2,2026-06-21,TA Panel,73,59,71,Selected,In-person
INT00635,APP00630,Interview 1,2026-02-10,TA Panel,94,61,96,Selected,Phone
INT00636,APP00630,Interview 2,2026-02-13,Business Panel,83,55,98,Selected,In-person
INT00637,APP00631,Interview 1,2026-06-13,Technical Panel,95,70,85,Selected,Phone
INT00638,APP00632,Interview 1,2026-05-22,TA Panel,82,65,85,Selected,Video
INT00639,APP00632,Interview 2,2026-05-27,Technical Panel,89,89,63,Selected,Phone
INT00640,APP00633,Interview 1,2026-01-27,Hiring Manager,52,72,64,Rejected,Video
INT00641,APP00634,Interview 1,2026-03-21,Hiring Manager,66,98,58,Selected,In-person
INT00642,APP00635,Interview 1,2026-06-14,Hiring Manager,93,85,74,Selected,In-person
INT00643,APP00635,Interview 2,2026-06-19,Hiring Manager,57,71,70,Selected,Phone
INT00644,APP00636,Interview 1,2026-05-24,Business Panel,74,64,60,Selected,Phone
INT00645,APP00636,Interview 2,2026-05-31,Technical Panel,53,71,74,Selected,Phone
INT00646,APP00637,Interview 1,2026-03-12,Hiring Manager,74,60,73,Selected,Video
INT00647,APP00637,Interview 2,2026-03-16,Technical Panel,97,72,98,Selected,Video
INT00648,APP00638,Interview 1,2026-06-19,Technical Panel,66,70,63,Selected,Phone
INT00649,APP00638,Interview 2,2026-06-26,TA Panel,92,69,70,Selected,In-person
INT00650,APP00639,Interview 1,2026-05-21,TA Panel,62,82,78,Selected,Phone
INT00651,APP00640,Interview 1,2026-05-02,Technical Panel,89,87,60,Selected,In-person
INT00652,APP00640,Interview 2,2026-05-06,Technical Panel,70,91,79,Selected,In-person
INT00653,APP00641,Interview 1,2026-06-16,Hiring Manager,60,74,75,Hold,In-person
INT00654,APP00641,Interview 2,2026-06-25,Business Panel,86,69,61,Selected,Phone
INT00655,APP00644,Interview 1,2026-04-21,Business Panel,76,55,62,Selected,In-person
INT00656,APP00644,Interview 2,2026-04-28,Hiring Manager,59,56,78,Hold,In-person
INT00657,APP00645,Interview 1,2026-05-12,Business Panel,98,88,95,Selected,Phone
INT00658,APP00645,Interview 2,2026-05-14,Hiring Manager,62,67,79,Selected,Phone
INT00659,APP00647,Interview 1,2026-05-30,Hiring Manager,64,87,77,Selected,Video
INT00660,APP00652,Interview 1,2026-06-08,TA Panel,75,94,76,Selected,Video
INT00661,APP00655,Interview 1,2026-03-10,Technical Panel,54,85,57,Selected,In-person
INT00662,APP00656,Interview 1,2026-02-14,Hiring Manager,67,91,97,Selected,Video
INT00663,APP00656,Interview 2,2026-02-19,Technical Panel,87,83,90,Selected,In-person
INT00664,APP00657,Interview 1,2026-06-23,TA Panel,86,82,94,Selected,In-person
INT00665,APP00657,Interview 2,2026-07-02,Hiring Manager,75,91,88,Selected,In-person
INT00666,APP00660,Interview 1,2026-03-03,Hiring Manager,68,55,63,Rejected,In-person
INT00667,APP00660,Interview 2,2026-03-09,Business Panel,69,86,80,Rejected,In-person
INT00668,APP00662,Interview 1,2026-04-12,Hiring Manager,78,62,95,Selected,Phone
INT00669,APP00662,Interview 2,2026-04-20,Technical Panel,64,68,58,Selected,Phone
INT00670,APP00663,Interview 1,2026-03-16,Business Panel,68,97,82,Selected,Video
INT00671,APP00663,Interview 2,2026-03-22,TA Panel,97,74,71,Selected,Video
INT00672,APP00665,Interview 1,2026-05-23,Hiring Manager,60,91,83,Selected,Video
INT00673,APP00665,Interview 2,2026-05-26,Business Panel,80,75,74,Rejected,Phone
INT00674,APP00668,Interview 1,2026-06-08,Technical Panel,85,67,71,Selected,Phone
INT00675,APP00668,Interview 2,2026-06-13,Hiring Manager,55,69,89,Selected,Phone
INT00676,APP00669,Interview 1,2026-03-11,Business Panel,95,89,56,Rejected,Video
INT00677,APP00670,Interview 1,2026-05-02,Business Panel,54,71,67,Selected,Video
INT00678,APP00670,Interview 2,2026-05-04,TA Panel,59,89,78,Selected,Video
INT00679,APP00672,Interview 1,2026-01-23,Hiring Manager,73,83,82,Hold,Video
INT00680,APP00673,Interview 1,2026-03-06,TA Panel,60,56,68,Selected,In-person
INT00681,APP00673,Interview 2,2026-03-12,Hiring Manager,79,92,56,Selected,Video
INT00682,APP00674,Interview 1,2026-06-11,Hiring Manager,76,94,93,Selected,Video
INT00683,APP00674,Interview 2,2026-06-18,TA Panel,90,89,83,Selected,Video
INT00684,APP00675,Interview 1,2026-06-05,Hiring Manager,86,66,61,Rejected,Video
INT00685,APP00676,Interview 1,2026-03-16,Hiring Manager,81,95,69,Selected,Phone
INT00686,APP00676,Interview 2,2026-03-22,Technical Panel,94,62,86,Selected,Video
INT00687,APP00677,Interview 1,2026-03-20,Technical Panel,61,98,71,Selected,Phone
INT00688,APP00677,Interview 2,2026-03-22,TA Panel,94,67,73,Rejected,In-person
INT00689,APP00678,Interview 1,2026-05-28,Technical Panel,82,59,94,Selected,In-person
INT00690,APP00678,Interview 2,2026-06-06,TA Panel,66,80,82,Selected,Phone
INT00691,APP00679,Interview 1,2026-02-27,Technical Panel,88,91,65,Selected,Video
INT00692,APP00679,Interview 2,2026-03-02,Business Panel,70,68,57,Hold,Video
INT00693,APP00681,Interview 1,2026-06-25,TA Panel,86,65,59,Selected,Phone
INT00694,APP00681,Interview 2,2026-06-28,Hiring Manager,61,78,73,Selected,Phone
INT00695,APP00685,Interview 1,2026-05-03,Technical Panel,60,89,68,Selected,Video
INT00696,APP00685,Interview 2,2026-05-06,Business Panel,55,94,83,Selected,Video
INT00697,APP00687,Interview 1,2026-03-08,TA Panel,65,90,55,Selected,In-person
INT00698,APP00687,Interview 2,2026-03-16,TA Panel,89,97,91,Selected,Phone
INT00699,APP00688,Interview 1,2026-06-14,Technical Panel,97,95,62,Selected,Phone
INT00700,APP00689,Interview 1,2026-05-05,TA Panel,64,61,98,Selected,Phone
INT00701,APP00689,Interview 2,2026-05-12,Business Panel,61,93,59,Selected,Phone
INT00702,APP00690,Interview 1,2026-01-18,Business Panel,88,62,84,Selected,Phone
INT00703,APP00690,Interview 2,2026-01-26,TA Panel,87,89,74,Hold,In-person
INT00704,APP00691,Interview 1,2026-04-19,TA Panel,78,76,75,Selected,Video
INT00705,APP00692,Interview 1,2026-02-26,Business Panel,54,86,56,Rejected,Phone
INT00706,APP00695,Interview 1,2026-03-22,Hiring Manager,57,65,80,Hold,Video
INT00707,APP00697,Interview 1,2026-01-29,TA Panel,85,55,64,Selected,In-person
INT00708,APP00698,Interview 1,2026-04-24,Technical Panel,74,91,67,Selected,In-person
INT00709,APP00698,Interview 2,2026-05-02,Business Panel,78,56,96,Rejected,Video
INT00710,APP00700,Interview 1,2026-04-23,TA Panel,74,62,75,Selected,In-person
INT00711,APP00702,Interview 1,2026-03-28,TA Panel,70,89,69,Selected,In-person
INT00712,APP00702,Interview 2,2026-04-01,Technical Panel,68,68,61,Selected,Video
INT00713,APP00703,Interview 1,2026-07-10,Technical Panel,60,89,96,Selected,Phone
INT00714,APP00703,Interview 2,2026-07-17,Technical Panel,95,65,66,Rejected,Phone
INT00715,APP00706,Interview 1,2026-06-05,TA Panel,66,57,76,Selected,Video
INT00716,APP00706,Interview 2,2026-06-07,TA Panel,64,81,60,Selected,Video
INT00717,APP00709,Interview 1,2026-04-28,Business Panel,60,92,59,Rejected,In-person
INT00718,APP00709,Interview 2,2026-05-02,Technical Panel,87,79,95,Rejected,In-person
INT00719,APP00710,Interview 1,2026-06-14,Technical Panel,68,79,72,Selected,Phone
INT00720,APP00711,Interview 1,2026-05-07,TA Panel,87,59,83,Selected,Phone
INT00721,APP00713,Interview 1,2026-03-20,Hiring Manager,96,68,88,Selected,Phone
INT00722,APP00713,Interview 2,2026-03-23,Business Panel,55,89,60,Rejected,In-person
INT00723,APP00715,Interview 1,2026-02-10,Business Panel,62,56,62,Selected,Video
INT00724,APP00718,Interview 1,2026-05-04,Technical Panel,55,87,93,Selected,In-person
INT00725,APP00718,Interview 2,2026-05-11,Hiring Manager,65,55,95,Rejected,In-person
INT00726,APP00720,Interview 1,2026-04-07,TA Panel,79,89,93,Selected,In-person
